freq_hz,vpp_out,vpp_in,gain,gain_db,low_snr
0.2125,0.040040,0.001105,36.231,31.182,1
0.3099,0.090417,0.002221,40.711,32.194,1
0.4518,0.192167,0.003073,62.536,35.923,1
0.6586,0.313239,0.004032,77.685,37.807,1
0.9602,0.435240,0.005060,86.010,38.691,1
1.3999,0.525169,0.005873,89.423,39.029,0
2.0410,0.610231,0.006419,95.070,39.561,0
2.9756,0.640934,0.006725,95.304,39.582,0
4.3381,0.665985,0.006884,96.737,39.712,0
6.3246,0.677830,0.006983,97.071,39.742,0
9.2206,0.681435,0.007017,97.110,39.745,0
13.4428,0.686754,0.007029,97.700,39.798,0
19.5984,0.682950,0.007039,97.021,39.737,0
28.5726,0.683229,0.007021,97.314,39.764,0
41.6562,0.687467,0.007037,97.697,39.798,0
60.7309,0.681534,0.006940,98.198,39.842,0
88.5401,0.683174,0.006880,99.304,39.939,0
129.0833,0.685485,0.006859,99.933,39.994,0
188.1915,0.682943,0.007000,97.563,39.786,0
274.3658,0.681656,0.007000,97.379,39.769,0
400.0000,0.658769,0.007000,94.110,39.473,0
