f_nom,f_used,jack_vpp,vin_pp,vin_chip_pp,divider,vout_pp,gain_db,dphi_raw_deg,dphi_corr_deg,skew_us,R,sem_deg,circ_sd_deg,n,rejected,window_s,kinds
0.2,0.2,0.022999415683432986,0.002756281316402331,0.0015159547240212823,0.55,0.431810485731494,49.09213906924818,-138.10003612478198,-138.09605452478198,55.3,0.9970083576670112,1.9835021800877723,4.435245708195289,5,0,25.0,"ch1:sine,ch2:chopped"
0.3,0.3,0.014301552770214427,0.0022923443182978134,0.0012607893750637975,0.55,0.5702604097424402,53.10861363042619,-148.71832495342244,-148.71235255342245,55.3,0.9805387539699046,5.080053244548677,11.359344384129205,5,0,16.666666666666668,"ch1:sine,ch2:chopped"
0.5,0.5,0.008709237965972186,0.0022187562506540896,0.0012203159378597493,0.55,0.6030329373437727,53.877375006821644,-161.97571225165595,-161.96575825165596,55.3,0.9922163805049709,3.2032532544595136,7.162692026118904,5,0,10.0,"ch1:sine,ch2:chopped"
0.8,0.8,0.0058474153091335945,0.0024871219017080144,0.001367917045939408,0.55,0.5874858230981852,52.65875258941031,-160.35170777947374,-160.33578137947373,55.3,0.9887917916162714,3.847187596202695,8.602572987303239,5,0,6.25,"ch1:sine,ch2:chopped"
1.3,1.3,0.005645696129439513,0.0028596025230227425,0.0015727813876625085,0.55,0.7331060954584118,53.369969388501026,-177.00353066279317,-176.97765026279316,55.3,0.996020229716114,2.288307831008694,5.1168118635805415,5,0,4.0,"ch1:sine,ch2:chopped"
2.0,2.0,0.004077002559467654,0.0021518934818841678,0.0011835414150362924,0.55,0.6004920146703714,54.106475539432765,-174.08634331609065,-174.04652731609065,55.3,0.9877700301256516,4.019758760669715,8.988453842007791,5,0,4.0,"ch1:sine,ch2:chopped"
3.2,3.2,0.0038708859234945466,0.0023093454453152673,0.0012701399949233971,0.55,0.5995389842501815,53.47931672456976,-179.9855672440804,-179.92186164408042,55.3,0.9778853262874493,5.418965536277803,12.11717530684577,5,0,4.0,"ch1:sine,ch2:chopped"
5.0,5.0,0.0037745279499424122,0.0021142958420304215,0.0011628627131167319,0.55,0.6001890229142499,54.25519205957457,-177.41978073687557,-177.32024073687558,55.3,0.9890240890944785,2.128115064349056,8.512460257396224,16,0,4.0,"ch1:sine,ch2:chopped"
8.0,8.0,0.0037328014775605293,0.0020556536594847725,0.0011306095127166249,0.55,0.6012228049839724,54.51445620496732,-177.40857646806793,-177.24931246806793,55.3,0.9713755053819823,3.4521696848591072,13.808678739436429,16,0,4.0,"ch1:sine,ch2:chopped"
13.0,13.01,0.0037246551349484724,0.002195271519052238,0.001207399335478731,0.55,0.6014505693068453,53.946980156243356,-177.63987502274773,-177.38087194274772,55.3,0.9909490997547271,1.9315677392391841,7.7262709569567365,16,0,4.0,"ch1:sine,ch2:chopped"
20.0,20.01,0.004682756267801667,0.00257717173987588,0.0014174444569317341,0.55,0.6861071389994424,53.697717766098464,175.84329381433162,176.24165289433165,55.3,0.9905751622041925,1.97125093043359,7.88500372173436,16,0,4.0,"ch1:sine,ch2:chopped"
32.0,32.01,0.004099350934564267,0.0026406787755962457,0.0014523733265779353,0.55,0.6009165289752781,52.3347177136048,176.92011698422726,177.55737206422725,55.3,0.9873338147339659,2.2870890994277846,9.148356397711138,16,0,4.0,"ch1:sine,ch2:chopped"
50.0,50.01,0.004155677720287437,0.0022753276932907535,0.0012514302313099146,0.55,0.6107263953730857,53.76880096508761,175.31257717438115,176.30817625438112,55.3,0.9916193824882132,1.8583553246125577,7.433421298450231,16,0,4.0,"ch1:sine,ch2:chopped"
80.0,80.01,0.00415001358437229,0.0024556396448506337,0.0013506018046678487,0.55,0.6069364741995698,53.052318235335534,178.3528511252182,179.94569020521817,55.3,0.9929004325438496,1.7098842013514663,6.839536805405865,16,0,4.0,"ch1:sine,ch2:chopped"
130.0,130.01,0.005577257183022214,0.0029885097883764157,0.0016436803836070287,0.55,0.8057915379732444,53.80810660404109,168.27572791999472,170.86396699999472,55.3,0.9840135608531554,2.5715850222618517,10.286340089047407,16,0,4.0,"ch1:sine,ch2:chopped"
200.0,200.01,0.025585484525030268,0.0039032963248107956,0.002146812978645938,0.55,0.9983775559373076,53.35001194214531,163.5176500912308,167.49944917123082,55.3,0.9693539146436233,3.5738455913984115,14.295382365593646,16,0,4.0,"ch1:sine,ch2:chopped"
