t_s,dc_v,vout_pp_v,gain,peak_v,h2
11,1.6067,0.334300,95.5,1.774,0.0940
22,1.5868,0.349300,99.8,1.761,0.0663
33,1.5627,0.358700,102.5,1.742,0.0557
44,1.5578,0.362000,103.4,1.739,0.0474
56,1.5620,0.362500,103.6,1.743,0.0595
67,1.5545,0.362000,103.4,1.736,0.0505
78,1.5546,0.366400,104.7,1.738,0.0462
89,1.5576,0.363800,103.9,1.740,0.0438
100,1.5564,0.364700,104.2,1.739,0.0487
111,1.5506,0.369000,105.4,1.735,0.0471
122,1.5487,0.371400,106.1,1.734,0.0435
133,1.5523,0.366500,104.7,1.736,0.0463
145,1.5528,0.366400,104.7,1.736,0.0475
156,1.5530,0.364600,104.2,1.735,0.0436
167,1.5538,0.365500,104.4,1.737,0.0404
178,1.5518,0.364800,104.2,1.734,0.0484
