freq_hz,gain_db,phase_deg
0.01,6.735402,-90.3914
0.0104713,7.135383,-90.4098
0.0109648,7.535361,-90.4291
0.0114815,7.935338,-90.4493
0.0120226,8.335312,-90.4705
0.0125893,8.735284,-90.4927
0.0131826,9.135253,-90.5159
0.0138038,9.535219,-90.5402
0.0144544,9.935182,-90.5657
0.0151356,10.335141,-90.5923
0.0158489,10.735096,-90.6203
0.0165959,11.135047,-90.6495
0.017378,11.534993,-90.6801
0.018197,11.934934,-90.7121
0.0190546,12.334869,-90.7457
0.0199526,12.734798,-90.7808
0.020893,13.134721,-90.8176
0.0218776,13.534635,-90.8562
0.0229087,13.934542,-90.8965
0.0239883,14.334439,-90.9388
0.0251189,14.734327,-90.9830
0.0263027,15.134203,-91.0293
0.0275423,15.534068,-91.0778
0.0288403,15.933920,-91.1286
0.0301995,16.333758,-91.1818
0.0316228,16.733579,-91.2374
0.0331131,17.133384,-91.2957
0.0346737,17.533170,-91.3568
0.0363078,17.932935,-91.4207
0.0380189,18.332677,-91.4876
0.0398107,18.732395,-91.5577
0.0416869,19.132085,-91.6311
0.0436516,19.531746,-91.7079
0.0457088,19.931374,-91.7883
0.047863,20.330966,-91.8726
0.0501187,20.730519,-91.9607
0.0524807,21.130028,-92.0531
0.0549541,21.529491,-92.1497
0.057544,21.928901,-92.2510
0.060256,22.328255,-92.3569
0.0630957,22.727547,-92.4679
0.0660693,23.126770,-92.5840
0.0691831,23.525918,-92.7056
0.0724436,23.924985,-92.8329
0.0758578,24.323962,-92.9662
0.0794328,24.722840,-93.1057
0.0831764,25.121611,-93.2518
0.0870964,25.520263,-93.4047
0.0912011,25.918786,-93.5648
0.0954993,26.317166,-93.7323
0.1,26.715392,-93.9077
0.104713,27.113447,-94.0912
0.109648,27.511315,-94.2833
0.114815,27.908978,-94.4844
0.120226,28.306418,-94.6948
0.125893,28.703613,-94.9150
0.131826,29.100539,-95.1454
0.138038,29.497170,-95.3865
0.144544,29.893480,-95.6388
0.151356,30.289438,-95.9027
0.158489,30.685009,-96.1788
0.165959,31.080159,-96.4676
0.17378,31.474847,-96.7696
0.18197,31.869030,-97.0855
0.190546,32.262661,-97.4158
0.199526,32.655687,-97.7611
0.20893,33.048054,-98.1221
0.218776,33.439700,-98.4994
0.229087,33.830559,-98.8937
0.239883,34.220557,-99.3057
0.251189,34.609617,-99.7361
0.263027,34.997653,-100.1855
0.275423,35.384572,-100.6548
0.288403,35.770275,-101.1446
0.301995,36.154652,-101.6558
0.316228,36.537587,-102.1891
0.331131,36.918951,-102.7452
0.346737,37.298609,-103.3249
0.363078,37.676414,-103.9289
0.380189,38.052207,-104.5581
0.398107,38.425818,-105.2130
0.416869,38.797067,-105.8946
0.436516,39.165759,-106.6033
0.457088,39.531688,-107.3398
0.47863,39.894635,-108.1048
0.501187,40.254367,-108.8987
0.524807,40.610639,-109.7221
0.549541,40.963192,-110.5752
0.57544,41.311758,-111.4585
0.60256,41.656052,-112.3720
0.630957,41.995782,-113.3159
0.660693,42.330645,-114.2902
0.691831,42.660328,-115.2945
0.724436,42.984514,-116.3287
0.758578,43.302879,-117.3922
0.794328,43.615098,-118.4842
0.831764,43.920843,-119.6040
0.870964,44.219794,-120.7506
0.912011,44.511632,-121.9226
0.954993,44.796052,-123.1186
1,45.072759,-124.3371
1.04713,45.341476,-125.5761
1.09648,45.601947,-126.8337
1.14815,45.853938,-128.1077
1.20226,46.097246,-129.3957
1.25893,46.331694,-130.6954
1.31826,46.557142,-132.0040
1.38038,46.773483,-133.3190
1.44544,46.980649,-134.6375
1.51356,47.178610,-135.9569
1.58489,47.367373,-137.2742
1.65959,47.546987,-138.5867
1.7378,47.717537,-139.8918
1.8197,47.879145,-141.1867
1.90546,48.031967,-142.4690
1.99526,48.176192,-143.7361
2.0893,48.312038,-144.9859
2.18776,48.439749,-146.2162
2.29087,48.559590,-147.4251
2.39883,48.671847,-148.6109
2.51189,48.776819,-149.7721
2.63027,48.874819,-150.9072
2.75423,48.966166,-152.0151
2.88403,49.051185,-153.0950
3.01995,49.130201,-154.1459
3.16228,49.203540,-155.1673
3.31131,49.271523,-156.1587
3.46737,49.334466,-157.1200
3.63078,49.392677,-158.0509
3.80189,49.446456,-158.9515
3.98107,49.496089,-159.8219
4.16869,49.541856,-160.6624
4.36516,49.584020,-161.4732
4.57088,49.622835,-162.2549
4.7863,49.658539,-163.0079
5.01187,49.691360,-163.7327
5.24807,49.721510,-164.4301
5.49541,49.749192,-165.1005
5.7544,49.774592,-165.7448
6.0256,49.797888,-166.3636
6.30957,49.819243,-166.9577
6.60693,49.838811,-167.5278
6.91831,49.856735,-168.0747
7.24436,49.873147,-168.5992
7.58578,49.888168,-169.1019
7.94328,49.901914,-169.5838
8.31764,49.914487,-170.0454
8.70964,49.925987,-170.4876
9.12011,49.936501,-170.9111
9.54993,49.946112,-171.3166
10,49.954896,-171.7048
10.4713,49.962923,-172.0764
10.9648,49.970256,-172.4320
11.4815,49.976955,-172.7724
12.0226,49.983074,-173.0980
12.5893,49.988661,-173.4096
13.1826,49.993764,-173.7077
13.8038,49.998422,-173.9929
14.4544,50.002675,-174.2658
15.1356,50.006557,-174.5268
15.8489,50.010101,-174.7764
16.5959,50.013335,-175.0153
17.378,50.016287,-175.2438
18.197,50.018980,-175.4624
19.0546,50.021439,-175.6716
19.9526,50.023681,-175.8717
20.893,50.025728,-176.0631
21.8776,50.027595,-176.2464
22.9087,50.029298,-176.4218
23.9883,50.030853,-176.5896
25.1189,50.032270,-176.7503
26.3027,50.033563,-176.9042
27.5423,50.034743,-177.0516
28.8403,50.035819,-177.1928
30.1995,50.036800,-177.3280
31.6228,50.037695,-177.4576
33.1131,50.038511,-177.5819
34.6737,50.039255,-177.7010
36.3078,50.039933,-177.8154
38.0189,50.040552,-177.9250
39.8107,50.041115,-178.0304
41.6869,50.041629,-178.1315
43.6516,50.042098,-178.2287
45.7088,50.042524,-178.3222
47.863,50.042913,-178.4121
50.1187,50.043267,-178.4986
52.4807,50.043589,-178.5820
54.9541,50.043882,-178.6624
57.544,50.044149,-178.7399
60.256,50.044391,-178.8148
63.0957,50.044612,-178.8871
66.0693,50.044812,-178.9571
69.1831,50.044993,-179.0249
72.4436,50.045157,-179.0907
75.8578,50.045305,-179.1545
79.4328,50.045439,-179.2165
83.1764,50.045560,-179.2769
87.0964,50.045668,-179.3357
91.2011,50.045765,-179.3931
95.4993,50.045852,-179.4492
100,50.045928,-179.5042
104.713,50.045996,-179.5581
109.648,50.046054,-179.6111
114.815,50.046105,-179.6632
120.226,50.046148,-179.7147
125.893,50.046184,-179.7655
131.826,50.046213,-179.8158
138.038,50.046234,-179.8658
144.544,50.046250,-179.9154
151.356,50.046259,-179.9649
158.489,50.046261,179.9857
165.959,50.046258,179.9362
173.78,50.046247,179.8867
181.97,50.046231,179.8368
190.546,50.046207,179.7867
199.526,50.046177,179.7361
208.93,50.046140,179.6849
218.776,50.046096,179.6331
229.087,50.046043,179.5805
239.883,50.045983,179.5269
251.189,50.045914,179.4724
263.027,50.045835,179.4168
275.423,50.045747,179.3599
288.403,50.045648,179.3017
301.995,50.045537,179.2420
316.228,50.045414,179.1807
331.131,50.045277,179.1177
346.737,50.045126,179.0528
363.078,50.044958,178.9859
380.189,50.044773,178.9168
398.107,50.044570,178.8454
416.869,50.044345,178.7716
436.516,50.044098,178.6952
457.088,50.043827,178.6161
478.63,50.043528,178.5340
501.187,50.043200,178.4488
524.807,50.042839,178.3603
549.541,50.042443,178.2684
575.44,50.042009,178.1728
602.56,50.041531,178.0733
630.957,50.041008,177.9697
660.693,50.040434,177.8619
691.831,50.039804,177.7496
724.436,50.039113,177.6325
758.578,50.038355,177.5103
794.328,50.037524,177.3830
831.764,50.036613,177.2501
870.964,50.035614,177.1115
912.011,50.034518,176.9667
954.993,50.033317,176.8156
1000,50.032000,176.6578
1047.13,50.030556,176.4929
1096.48,50.028974,176.3207
1148.15,50.027239,176.1407
1202.26,50.025338,175.9527
1258.93,50.023254,175.7562
1318.26,50.020970,175.5509
1380.38,50.018467,175.3362
1445.44,50.015724,175.1118
1513.56,50.012718,174.8773
1584.89,50.009425,174.6321
1659.59,50.005817,174.3758
1737.8,50.001864,174.1079
1819.7,49.997534,173.8278
1905.46,49.992790,173.5350
1995.26,49.987596,173.2289
2089.3,49.981907,172.9090
2187.76,49.975677,172.5746
2290.87,49.968857,172.2251
2398.83,49.961391,171.8599
2511.89,49.953220,171.4784
2630.27,49.944278,171.0797
2754.23,49.934494,170.6633
2884.03,49.923791,170.2285
3019.95,49.912087,169.7743
3162.28,49.899288,169.3003
3311.31,49.885299,168.8054
3467.37,49.870011,168.2891
3630.78,49.853310,167.7505
3801.89,49.835071,167.1888
3981.07,49.815160,166.6033
4168.69,49.793432,165.9932
4365.16,49.769732,165.3576
4570.88,49.743894,164.6959
4786.3,49.715738,164.0073
5011.87,49.685074,163.2910
5248.07,49.651698,162.5465
5495.41,49.615394,161.7731
5754.4,49.575933,160.9701
6025.6,49.533073,160.1372
6309.57,49.486559,159.2738
6606.93,49.436123,158.3796
6918.31,49.381485,157.4543
7244.36,49.322355,156.4978
7585.78,49.258432,155.5100
7943.28,49.189406,154.4912
8317.64,49.114959,153.4414
8709.64,49.034768,152.3612
9120.11,48.948510,151.2510
9549.93,48.855855,150.1118
10000,48.756482,148.9443
10471.3,48.650070,147.7498
10964.8,48.536310,146.5296
11481.5,48.414904,145.2852
12022.6,48.285570,144.0183
12589.3,48.148046,142.7307
13182.6,48.002090,141.4246
13803.8,47.847492,140.1022
14454.4,47.684067,138.7659
15135.6,47.511665,137.4180
15848.9,47.330170,136.0613
16595.9,47.139502,134.6983
17378,46.939621,133.3317
18197,46.730525,131.9642
19054.6,46.512250,130.5984
19952.6,46.284871,129.2371
20893,46.048500,127.8828
21877.6,45.803283,126.5379
22908.7,45.549399,125.2047
23988.3,45.287058,123.8854
25118.9,45.016494,122.5820
26302.7,44.737967,121.2964
27542.3,44.451754,120.0301
28840.3,44.158149,118.7847
30199.5,43.857459,117.5613
31622.8,43.549998,116.3610
33113.1,43.236086,115.1846
34673.7,42.916044,114.0327
36307.8,42.590195,112.9058
38018.9,42.258856,111.8042
39810.7,41.922339,110.7279
41686.9,41.580949,109.6769
43651.6,41.234980,108.6510
45708.8,40.884717,107.6498
47863,40.530433,106.6729
50118.7,40.172387,105.7197
52480.7,39.810825,104.7894
54954.1,39.445982,103.8814
57544,39.078075,102.9948
60256,38.707310,102.1286
63095.7,38.333877,101.2820
66069.3,37.957955,100.4538
69183.1,37.579706,99.6431
72443.6,37.199282,98.8487
75857.8,36.816819,98.0694
79432.8,36.432443,97.3042
83176.4,36.046266,96.5519
87096.4,35.658389,95.8112
91201.1,35.268903,95.0810
95499.3,34.877885,94.3601
100000,34.485403,93.6472
104713,34.091514,92.9411
109648,33.696267,92.2406
114815,33.299698,91.5445
120226,32.901835,90.8515
125893,32.502697,90.1605
131826,32.102294,89.4703
138038,31.700625,88.7795
144544,31.297682,88.0872
151356,30.893446,87.3919
158489,30.487893,86.6928
165959,30.080986,85.9884
173780,29.672682,85.2779
181970,29.262927,84.5599
190546,28.851662,83.8336
199526,28.438817,83.0977
208930,28.024313,82.3514
218776,27.608065,81.5936
229087,27.189980,80.8234
239883,26.769955,80.0400
251189,26.347883,79.2425
263027,25.923650,78.4303
275423,25.497135,77.6026
288403,25.068215,76.7589
301995,24.636762,75.8987
316228,24.202646,75.0215
331131,23.765740,74.1273
346737,23.325916,73.2157
363078,22.883053,72.2869
380189,22.437039,71.3408
398107,21.987770,70.3779
416869,21.535161,69.3986
436516,21.079144,68.4034
457088,20.619676,67.3930
478630,20.156744,66.3685
501187,19.690370,65.3308
524807,19.220615,64.2812
549541,18.747591,63.2209
575440,18.271461,62.1514
602560,17.792449,61.0742
630957,17.310847,59.9908
660693,16.827022,58.9027
691831,16.341419,57.8116
724436,15.854573,56.7188
758578,15.367111,55.6255
794328,14.879759,54.5327
831764,14.393345,53.4413
870964,13.908809,52.3514
912011,13.427201,51.2630
954993,12.949687,50.1754
1e+06,12.477552,49.0870
1.04713e+06,12.012202,47.9956
1.09648e+06,11.555168,46.8981
1.14815e+06,11.108103,45.7901
1.20226e+06,10.672793,44.6659
1.25893e+06,10.251152,43.5184
1.31826e+06,9.845231,42.3388
1.38038e+06,9.457225,41.1161
1.44544e+06,9.089481,39.8367
1.51356e+06,8.744515,38.4843
1.58489e+06,8.425026,37.0383
1.65959e+06,8.133927,35.4737
1.7378e+06,7.874376,33.7587
1.8197e+06,7.649818,31.8527
1.90546e+06,7.464038,29.7030
1.99526e+06,7.321218,27.2385
2.0893e+06,7.225995,24.3610
2.18776e+06,7.183527,20.9284
2.29087e+06,7.199555,16.7262
2.39883e+06,7.280623,11.4103
2.51189e+06,7.435139,4.3870
2.63027e+06,7.679270,-5.4696
2.75423e+06,8.070916,-20.5678
2.88403e+06,8.926617,-46.7426
3.01995e+06,12.096783,-97.0574
3.16228e+06,21.643452,165.9580
3.31131e+06,20.897185,45.3506
3.46737e+06,17.832069,-6.2536
3.63078e+06,15.144083,-41.5148
3.80189e+06,12.194969,-66.3941
3.98107e+06,9.305542,-83.3838
4.16869e+06,6.656172,-95.2787
4.36516e+06,4.263216,-104.0271
4.57088e+06,2.091022,-110.7895
4.7863e+06,0.097665,-116.2476
5.01187e+06,-1.753198,-120.8137
5.24807e+06,-3.490866,-124.7476
5.49541e+06,-5.138691,-128.2192
5.7544e+06,-6.715491,-131.3441
6.0256e+06,-8.236767,-134.2036
6.30957e+06,-9.715664,-136.8567
6.60693e+06,-11.163705,-139.3481
6.91831e+06,-12.591383,-141.7127
7.24436e+06,-14.008652,-143.9794
7.58578e+06,-15.425383,-146.1735
7.94328e+06,-16.851819,-148.3189
8.31764e+06,-18.299080,-150.4401
8.70964e+06,-19.779805,-152.5649
9.12011e+06,-21.308991,-154.7271
9.54993e+06,-22.905216,-156.9714
1e+07,-24.592487,-159.3623
