freq_hz,vin_pp,vpp_out,gain,gain_db,amp_mv,dc_v,vmin_v,vmax_v,resid_mv,amp_err_pct,h2,h3,drift_mv_s,n_samples,n_cut,clip
100.0000,0.00700,0.565038,80.7197,38.140,282.5189,1.3503,0.7164,1.7632,149.2025,1.641,0.0123,0.0396,-17.584,2072,0,
0.1000,0.00700,0.064907,9.2724,19.344,32.4535,1.5708,1.2386,1.7850,70.7502,3.341,0.5946,0.1687,-8.995,8513,0,DIST
0.1458,0.00700,0.025886,3.6980,11.359,12.9429,1.5670,1.2451,1.7487,69.5682,6.049,0.0799,0.1235,0.283,15790,0,DIST
0.2125,0.00700,0.040040,5.7200,15.148,20.0198,1.5643,1.2112,1.7737,69.3235,4.547,0.1597,0.0653,-1.453,11598,0,DIST
0.3099,0.00700,0.090417,12.9167,22.223,45.2084,1.5689,1.2112,1.7237,72.1463,2.467,0.1890,0.0592,-1.885,8368,0,DIST
0.4518,0.00700,0.192167,27.4525,28.772,96.0837,1.5430,1.1548,1.7608,72.0172,1.149,0.1062,0.0299,2.463,8516,0,DIST
0.6586,0.00700,0.313239,44.7484,33.016,156.6195,1.5171,1.1290,1.7640,68.4282,0.787,0.1340,0.0350,-1.192,6168,0,DIST
0.9602,0.00700,0.435240,62.1771,35.873,217.6200,1.4840,1.0146,1.7729,69.3952,0.690,0.1045,0.0244,2.965,4266,0,DIST
1.3999,0.00700,0.525169,75.0242,37.504,262.5847,1.4205,0.9372,1.7729,69.6290,0.690,0.0708,0.0231,19.203,2950,0,
2.0410,0.00700,0.610231,87.1759,38.808,305.1156,1.3948,0.8582,1.7737,69.4518,0.707,0.0542,0.0155,1.384,2072,0,
2.9756,0.00700,0.640934,91.5620,39.234,320.4669,1.3987,0.7857,1.7769,71.9506,0.698,0.0385,0.0117,-0.703,2072,0,
4.3381,0.00700,0.665985,95.1406,39.567,332.9923,1.3717,0.8244,1.7737,63.2385,0.590,0.0231,0.0104,-20.088,2072,0,
6.3246,0.00700,0.677830,96.8329,39.720,338.9150,1.3682,0.8486,1.7801,68.6610,0.643,0.0244,0.0093,-0.522,1988,0,
9.2206,0.00700,0.681435,97.3478,39.767,340.7173,1.3477,0.8260,1.7608,60.0316,0.547,0.0159,0.0095,-2.963,2072,0,
13.4428,0.00700,0.686754,98.1077,39.834,343.3768,1.3738,0.7672,1.7793,68.0775,0.896,0.0202,0.0082,18.026,979,0,
19.5984,0.00700,0.682950,97.5643,39.786,341.4752,1.3581,0.8316,1.7640,62.2272,0.566,0.0180,0.0154,6.383,2072,0,
28.5726,0.00700,0.683229,97.6041,39.789,341.6144,1.3804,0.8067,1.7882,71.5583,0.651,0.0158,0.0119,-2.308,2072,0,
41.6562,0.00700,0.687467,98.2096,39.843,343.7337,1.3645,0.7809,1.7761,69.6689,0.639,0.0134,0.0050,8.578,2013,0,
60.7309,0.00700,0.681534,97.3619,39.768,340.7668,1.3708,0.8163,1.7866,68.0607,0.621,0.0140,0.0046,-8.989,2072,0,
88.5401,0.00700,0.683174,97.5962,39.789,341.5868,1.3664,0.8582,1.7753,69.1433,0.928,0.0195,0.0094,-4.917,952,0,
129.0833,0.00700,0.685485,97.9265,39.818,342.7427,1.3553,0.7736,1.7753,66.2425,0.600,0.0100,0.0049,-21.467,2072,0,
188.1915,0.00700,0.682943,97.5632,39.786,341.4714,1.3698,0.8115,1.7753,69.9097,0.636,0.0148,0.0116,1.396,2072,0,
274.3658,0.00700,0.681656,97.3795,39.769,340.8282,1.3402,0.7857,1.7624,68.4877,0.624,nan,nan,-7.154,2072,0,
400.0000,0.00700,0.658769,94.1099,39.473,329.3847,1.3722,0.8768,1.7882,77.0574,0.727,nan,nan,2.408,2072,0,DIST
