source,run,valid,freq_hz,jack_vpp,vin_pp,vout_pp,gain,peak_v,headroom_mv,h2,h2_amp_mv,amp_se_mv,h3
dist2.log,levels_60s_settle,1,88.57,0.2500,0.007000,0.764000,109.14,1.749,31,0.0325,12.40,1.43,0.0170
dist2.log,levels_60s_settle,1,88.57,0.1770,0.004960,0.536900,108.25,1.715,65,0.0209,5.61,1.03,0.0123
dist2.log,levels_60s_settle,1,88.57,0.1250,0.003500,0.366800,104.80,1.700,80,0.0295,5.41,1.03,0.0054
dist2.log,levels_60s_settle,1,88.57,0.0880,0.002460,0.261700,106.38,1.683,97,0.0253,3.30,1.37,0.0074
dist2.log,levels_60s_settle,1,88.57,0.0625,0.001750,0.186600,106.63,1.688,92,0.0389,3.63,1.12,0.0093
dist2.log,levels_60s_settle,1,88.57,0.2500,0.007000,0.761100,108.73,1.753,27,0.0383,14.58,1.49,0.0179
lowlevel.log,lowlevel_60s_settle,1,88.57,0.0625,0.001750,0.186100,106.34,1.675,105,0.0280,2.61,1.31,0.0115
lowlevel.log,lowlevel_60s_settle,1,88.57,0.0312,0.000880,0.092100,104.66,1.644,136,0.0307,1.42,1.27,0.0064
lowlevel2.log,400uV_60s_settle,1,88.57,0.0143,0.000400,0.040700,101.75,1.631,149,0.0142,0.29,0.59,0.0170
lowlevel2.log,400uV_60s_settle,1,88.57,0.0625,0.001750,0.184200,105.26,1.655,125,0.0189,1.74,0.62,0.0074
lowlevel2.log,400uV_60s_settle,1,88.57,0.0143,0.000400,0.040200,100.50,1.663,117,0.0059,0.12,0.41,0.0100
dist.log,DISCARDED_5s_settle,0,88.57,0.2500,0.007000,0.534300,76.33,1.357,423,0.0442,11.80,3.90,0.0218
dist.log,DISCARDED_5s_settle,0,88.57,0.1770,0.004960,0.464300,93.61,1.763,17,0.0528,12.25,0.94,0.0126
dist.log,DISCARDED_5s_settle,0,88.57,0.1250,0.003500,0.355500,101.57,1.753,27,0.0589,10.48,1.16,0.0197
dist.log,DISCARDED_5s_settle,0,88.57,0.0880,0.002460,0.250500,101.83,1.722,58,0.0467,5.84,1.10,0.0076
dist.log,DISCARDED_5s_settle,0,88.57,0.0625,0.001750,0.167200,95.54,1.698,82,0.0374,3.13,0.76,0.0035
dist.log,DISCARDED_5s_settle,0,88.57,0.2500,0.007000,0.736800,105.26,1.797,-17,0.0538,19.81,1.27,0.0292
_old/lowlevel.log,DISCARDED_audio_taken_by_call,0,88.57,0.0625,0.001750,0.180900,103.37,1.664,116,0.0145,1.31,0.94,0.0111
_old/lowlevel.log,DISCARDED_audio_taken_by_call,0,88.57,0.0312,0.000880,0.068100,77.39,1.644,136,0.0179,0.61,0.97,0.0186
_old/lowlevel.log,DISCARDED_audio_taken_by_call,0,88.57,0.0143,0.000400,0.000300,0.75,1.629,151,1.6804,0.25,0.15,1.2683
_old/lowlevel.log,DISCARDED_audio_taken_by_call,0,88.57,0.0625,0.001750,0.000200,0.11,1.646,134,0.8877,0.10,0.27,3.2376
