t_s,v_published_uv,v_chip_v
0.000000,4.0114,0.000118549
0.000998,3.4425,0.000101734
0.001995,3.4376,0.000101592
0.002993,3.7152,0.000109794
0.003991,3.7171,0.000109849
0.004989,4.1563,0.000122831
0.005986,4.9727,0.000146956
0.006984,4.4811,0.000132428
0.007982,5.7158,0.000168917
0.008980,5.3782,0.000158940
0.009977,6.0749,0.000179529
0.010975,4.3349,0.000128109
0.011973,4.1050,0.000121315
0.012971,2.9703,0.000087779
0.013968,3.1776,0.000093907
0.014966,3.0602,0.000090439
0.015964,3.1379,0.000092733
0.016961,3.2177,0.000095091
0.017959,2.2581,0.000066734
0.018957,1.9114,0.000056488
0.019955,2.5838,0.000076358
0.020952,1.9160,0.000056622
0.021950,1.8196,0.000053775
0.022948,2.8723,0.000084885
0.023946,4.1260,0.000121933
0.024943,3.1208,0.000092228
0.025941,4.5643,0.000134888
0.026939,4.2201,0.000124714
0.027937,3.8180,0.000112831
0.028934,4.1836,0.000123636
0.029932,4.1018,0.000121220
0.030930,5.4142,0.000160005
0.031927,5.0327,0.000148730
0.032925,4.5343,0.000134000
0.033923,4.3050,0.000127225
0.034921,3.3811,0.000099921
0.035918,3.9124,0.000115622
0.036916,2.7381,0.000080920
0.037914,1.5217,0.000044972
0.038912,2.7989,0.000082715
0.039909,3.1893,0.000094253
0.040907,3.5720,0.000105562
0.041905,1.4451,0.000042706
0.042902,5.1635,0.000152596
0.043900,3.1807,0.000093998
0.044898,2.7522,0.000081336
0.045896,2.9060,0.000085881
0.046893,1.8303,0.000054092
0.047891,3.8356,0.000113353
0.048889,2.9920,0.000088420
0.049887,3.0941,0.000091438
0.050884,2.4045,0.000071058
0.051882,3.6878,0.000108984
0.052880,0.9406,0.000027799
0.053878,2.1675,0.000064055
0.054875,1.6148,0.000047723
0.055873,0.5470,0.000016166
0.056871,1.0517,0.000031082
0.057868,-0.0226,-0.000000668
0.058866,0.3778,0.000011165
0.059864,0.4800,0.000014185
0.060862,0.4806,0.000014202
0.061859,2.6076,0.000077062
0.062857,0.8950,0.000026451
0.063855,2.4577,0.000072633
0.064853,2.3621,0.000069807
0.065850,2.9179,0.000086233
0.066848,2.3196,0.000068551
0.067846,3.5373,0.000104536
0.068844,3.3389,0.000098673
0.069841,2.1983,0.000064966
0.070839,4.0706,0.000120299
0.071837,1.9378,0.000057266
0.072834,2.4310,0.000071843
0.073832,2.0252,0.000059852
0.074830,1.6951,0.000050095
0.075828,2.8718,0.000084870
0.076825,1.5562,0.000045991
0.077823,1.5963,0.000047174
0.078821,-0.2413,-0.000007132
0.079819,0.5643,0.000016677
0.080816,0.3836,0.000011335
0.081814,1.7229,0.000050918
0.082812,1.0956,0.000032377
0.083810,2.7344,0.000080810
0.084807,2.3825,0.000070411
0.085805,0.8212,0.000024269
0.086803,1.3776,0.000040711
0.087800,1.9809,0.000058541
0.088798,1.4185,0.000041921
0.089796,2.9965,0.000088555
0.090794,2.4081,0.000071165
0.091791,2.2499,0.000066492
0.092789,1.0740,0.000031739
0.093787,2.4626,0.000072778
0.094785,2.4936,0.000073693
0.095782,2.3615,0.000069789
0.096780,0.9556,0.000028241
0.097778,2.5314,0.000074810
0.098776,1.4480,0.000042792
0.099773,2.3939,0.000070746
0.100771,2.5796,0.000076233
0.101769,2.1256,0.000062818
0.102766,1.4805,0.000043753
0.103764,1.1751,0.000034726
0.104762,2.3605,0.000069759
0.105760,3.2713,0.000096675
0.106757,2.0255,0.000059859
0.107755,1.7994,0.000053176
0.108753,2.8258,0.000083510
0.109751,2.1794,0.000064408
0.110748,3.5176,0.000103953
0.111746,3.9631,0.000117121
0.112744,2.6991,0.000079765
0.113741,3.0910,0.000091348
0.114739,3.9072,0.000115469
0.115737,2.2068,0.000065216
0.116735,3.4343,0.000101493
0.117732,1.8584,0.000054920
0.118730,2.8030,0.000082837
0.119728,4.6705,0.000138026
0.120726,2.9185,0.000086250
0.121723,3.6226,0.000107057
0.122721,4.2229,0.000124799
0.123719,2.3299,0.000068855
0.124717,3.0669,0.000090636
0.125714,3.1830,0.000094066
0.126712,2.3498,0.000069442
0.127710,3.2036,0.000094676
0.128707,3.2058,0.000094739
0.129705,2.5533,0.000075458
0.130703,1.7273,0.000051047
0.131701,0.5701,0.000016849
0.132698,1.3242,0.000039132
0.133696,1.7167,0.000050734
0.134694,0.6833,0.000020194
0.135692,3.2863,0.000097119
0.136689,4.0579,0.000119922
0.137687,1.9418,0.000057385
0.138685,1.2849,0.000037973
0.139683,2.4059,0.000071100
0.140680,2.1894,0.000064702
0.141678,1.6866,0.000049844
0.142676,2.3471,0.000069363
0.143673,2.8143,0.000083170
0.144671,2.3883,0.000070581
0.145669,2.2482,0.000066442
0.146667,1.3220,0.000039068
0.147664,0.9414,0.000027822
0.148662,1.4201,0.000041967
0.149660,1.3796,0.000040770
0.150658,3.3020,0.000097585
0.151655,3.3612,0.000099333
0.152653,2.5640,0.000075774
0.153651,2.4232,0.000071612
0.154649,3.3992,0.000100456
0.155646,1.9489,0.000057595
0.156644,1.4790,0.000043709
0.157642,2.1616,0.000063882
0.158639,1.3781,0.000040727
0.159637,3.3838,0.000100000
0.160635,2.0796,0.000061457
0.161633,0.6848,0.000020238
0.162630,0.5526,0.000016332
0.163628,-0.9310,-0.000027513
0.164626,-0.0655,-0.000001935
0.165624,0.9933,0.000029355
0.166621,1.3829,0.000040867
0.167619,2.1340,0.000063067
0.168617,2.8610,0.000084550
0.169615,3.2941,0.000097348
0.170612,3.3066,0.000097718
0.171610,3.7511,0.000110855
0.172608,4.0451,0.000119544
0.173605,3.4260,0.000101248
0.174603,4.0243,0.000118930
0.175601,4.9376,0.000145921
0.176599,5.4919,0.000162300
0.177596,3.7066,0.000109541
0.178594,2.4450,0.000072258
0.179592,2.4813,0.000073329
0.180590,2.7141,0.000080208
0.181587,1.6886,0.000049902
0.182585,1.5743,0.000046526
0.183583,0.6611,0.000019538
0.184580,0.7009,0.000020714
0.185578,1.3427,0.000039681
0.186576,1.2732,0.000037625
0.187574,3.2629,0.000096428
0.188571,3.5769,0.000105707
0.189569,3.5478,0.000104847
0.190567,4.0631,0.000120075
0.191565,3.6955,0.000109211
0.192562,3.7103,0.000109648
0.193560,3.1123,0.000091978
0.194558,3.7824,0.000111782
0.195556,1.5720,0.000046457
0.196553,3.1018,0.000091666
0.197551,2.9417,0.000086935
0.198549,1.0848,0.000032058
0.199546,1.5229,0.000045007
0.200544,1.5680,0.000046340
0.201542,0.7520,0.000022225
0.202540,1.4621,0.000043208
0.203537,0.8170,0.000024145
0.204535,1.6488,0.000048727
0.205533,1.1474,0.000033910
0.206531,1.5580,0.000046042
0.207528,1.5937,0.000047098
0.208526,3.0353,0.000089701
0.209524,2.8334,0.000083735
0.210522,2.0990,0.000062030
0.211519,2.8141,0.000083166
0.212517,2.1772,0.000064343
0.213515,2.7395,0.000080959
0.214512,0.9856,0.000029127
0.215510,2.5567,0.000075557
0.216508,1.5282,0.000045163
0.217506,2.2024,0.000065088
0.218503,1.2667,0.000037436
0.219501,3.4423,0.000101729
0.220499,1.4117,0.000041719
0.221497,2.1100,0.000062355
0.222494,1.2560,0.000037117
0.223492,1.6532,0.000048856
0.224490,1.2656,0.000037402
0.225488,2.1277,0.000062880
0.226485,1.8319,0.000054138
0.227483,3.3736,0.000099698
0.228481,3.3325,0.000098485
0.229478,1.8728,0.000055347
0.230476,0.6625,0.000019579
0.231474,4.1087,0.000121423
0.232472,1.8721,0.000055325
0.233469,4.3183,0.000127617
0.234467,2.8933,0.000085506
0.235465,2.6851,0.000079352
0.236463,1.1817,0.000034922
0.237460,2.6005,0.000076852
0.238458,2.3194,0.000068544
0.239456,1.9153,0.000056603
0.240454,2.2859,0.000067553
0.241451,2.6947,0.000079637
0.242449,2.7907,0.000082472
0.243447,2.9107,0.000086020
0.244444,3.4255,0.000101233
0.245442,3.2826,0.000097011
0.246440,4.8899,0.000144509
0.247438,3.7612,0.000111153
0.248435,4.2890,0.000126752
0.249433,4.7719,0.000141022
0.250431,5.8139,0.000171818
0.251429,5.0233,0.000148453
0.252426,5.2173,0.000154185
0.253424,4.4051,0.000130183
0.254422,4.8167,0.000142346
0.255420,4.5008,0.000133012
0.256417,4.0307,0.000119117
0.257415,5.1090,0.000150984
0.258413,4.1227,0.000121836
0.259410,3.8530,0.000113868
0.260408,4.7527,0.000140456
0.261406,3.5407,0.000104637
0.262404,2.9958,0.000088534
0.263401,4.4462,0.000131397
0.264399,3.4424,0.000101731
0.265397,3.9010,0.000115285
0.266395,2.7978,0.000082682
0.267392,3.3702,0.000099599
0.268390,2.0238,0.000059808
0.269388,2.9796,0.000088056
0.270385,2.1562,0.000063721
0.271383,2.2672,0.000067001
0.272381,4.5234,0.000133678
0.273379,4.2335,0.000125111
0.274376,4.4625,0.000131879
0.275374,4.1529,0.000122729
0.276372,3.7563,0.000111008
0.277370,3.6478,0.000107803
0.278367,3.7926,0.000112081
0.279365,2.4815,0.000073336
0.280363,2.5405,0.000075080
0.281361,3.4699,0.000102546
0.282358,3.5494,0.000104896
0.283356,3.5191,0.000103999
0.284354,2.2251,0.000065759
0.285351,1.8667,0.000055166
0.286349,2.1541,0.000063660
0.287347,2.1030,0.000062149
0.288345,2.6817,0.000079251
0.289342,3.1064,0.000091803
0.290340,2.8925,0.000085482
0.291338,3.4304,0.000101377
0.292336,5.2974,0.000156552
0.293333,4.1779,0.000123468
0.294331,4.7110,0.000139222
0.295329,2.7721,0.000081922
0.296327,3.1972,0.000094487
0.297324,4.0851,0.000120725
0.298322,4.6737,0.000138120
0.299320,4.0173,0.000118721
0.300317,4.1957,0.000123995
0.301315,3.1475,0.000093018
0.302313,3.8636,0.000114179
0.303311,4.7256,0.000139655
0.304308,4.7388,0.000140044
0.305306,4.9204,0.000145411
0.306304,4.6243,0.000136660
0.307302,4.8874,0.000144436
0.308299,5.5392,0.000163700
0.309297,4.4211,0.000130655
0.310295,4.4919,0.000132749
0.311293,4.9404,0.000146002
0.312290,4.9293,0.000145675
0.313288,5.9475,0.000175765
0.314286,5.1577,0.000152424
0.315283,5.2424,0.000154928
0.316281,4.4537,0.000131620
0.317279,3.5729,0.000105589
0.318277,3.5762,0.000105687
0.319274,3.6563,0.000108052
0.320272,2.3338,0.000068970
0.321270,3.6642,0.000108288
0.322268,3.7698,0.000111408
0.323265,3.8476,0.000113708
0.324263,4.6434,0.000137225
0.325261,2.6488,0.000078279
0.326259,2.8711,0.000084848
0.327256,1.8414,0.000054418
0.328254,2.5155,0.000074339
0.329252,4.1927,0.000123906
0.330249,2.5068,0.000074083
0.331247,0.8878,0.000026237
0.332245,0.7226,0.000021355
0.333243,0.7209,0.000021305
0.334240,-0.5767,-0.000017042
0.335238,-1.5521,-0.000045868
0.336236,-2.7781,-0.000082101
0.337234,-2.9899,-0.000088360
0.338231,-1.5097,-0.000044616
0.339229,-1.5289,-0.000045182
0.340227,-1.8939,-0.000055971
0.341224,-1.6007,-0.000047305
0.342222,-2.9743,-0.000087899
0.343220,-1.8524,-0.000054743
0.344218,-1.8116,-0.000053539
0.345215,-2.4204,-0.000071530
0.346213,-1.6960,-0.000050122
0.347211,-2.3195,-0.000068547
0.348209,-3.3781,-0.000099831
0.349206,-3.3889,-0.000100151
0.350204,-4.2730,-0.000126279
0.351202,-5.6386,-0.000166635
0.352200,-5.4001,-0.000159587
0.353197,-5.3914,-0.000159329
0.354195,-4.2194,-0.000124696
0.355193,-5.4864,-0.000162139
0.356190,-4.5694,-0.000135039
0.357188,-5.9471,-0.000175753
0.358186,-5.1493,-0.000152176
0.359184,-5.1832,-0.000153178
0.360181,-6.0448,-0.000178639
0.361179,-5.0007,-0.000147783
0.362177,-4.0384,-0.000119347
0.363175,-5.1329,-0.000151692
0.364172,-4.1080,-0.000121402
0.365170,-5.3858,-0.000159165
0.366168,-7.2547,-0.000214398
0.367166,-7.1709,-0.000211919
0.368163,-7.3860,-0.000218275
0.369161,-7.5793,-0.000223990
0.370159,-8.6536,-0.000255738
0.371156,-8.9593,-0.000264773
0.372154,-7.7711,-0.000229657
0.373152,-7.9522,-0.000235009
0.374150,-10.0263,-0.000296305
0.375147,-10.0035,-0.000295631
0.376145,-9.9347,-0.000293598
0.377143,-10.6462,-0.000314624
0.378141,-9.9605,-0.000294360
0.379138,-8.0059,-0.000236595
0.380136,-8.3443,-0.000246598
0.381134,-7.7355,-0.000228604
0.382132,-6.4918,-0.000191852
0.383129,-6.3802,-0.000188552
0.384127,-5.9782,-0.000176674
0.385125,-5.0670,-0.000149744
0.386122,-4.2428,-0.000125387
0.387120,-4.1170,-0.000121668
0.388118,-4.2027,-0.000124201
0.389116,-1.9671,-0.000058134
0.390113,-3.5384,-0.000104568
0.391111,-4.2486,-0.000125558
0.392109,-3.8776,-0.000114594
0.393107,-4.5460,-0.000134346
0.394104,-3.6293,-0.000107256
0.395102,-5.6729,-0.000167650
0.396100,-4.7095,-0.000139179
0.397098,-5.3662,-0.000158586
0.398095,-7.7295,-0.000228427
0.399093,-7.1588,-0.000211563
0.400091,-8.4469,-0.000249631
0.401088,-8.5248,-0.000251932
0.402086,-7.4971,-0.000221561
0.403084,-6.7088,-0.000198265
0.404082,-5.2530,-0.000155240
0.405079,-5.8633,-0.000173276
0.406077,-5.1904,-0.000153392
0.407075,-6.8659,-0.000202905
0.408073,-5.0950,-0.000150571
0.409070,-4.4209,-0.000130650
0.410068,-2.5283,-0.000074718
0.411066,-3.0354,-0.000089703
0.412063,-2.1189,-0.000062619
0.413061,-2.0017,-0.000059157
0.414059,-2.4681,-0.000072941
0.415057,-3.6956,-0.000109217
0.416054,-2.8025,-0.000082820
0.417052,-4.2392,-0.000125279
0.418050,-4.3633,-0.000128947
0.419048,-2.9944,-0.000088494
0.420045,-3.6708,-0.000108484
0.421043,-3.9030,-0.000115343
0.422041,-5.9442,-0.000175669
0.423039,-6.0837,-0.000179790
0.424036,-4.8250,-0.000142592
0.425034,-5.4450,-0.000160915
0.426032,-4.9502,-0.000146291
0.427029,-5.6169,-0.000165994
0.428027,-6.0195,-0.000177893
0.429025,-6.2588,-0.000184965
0.430023,-6.1435,-0.000181557
0.431020,-6.4502,-0.000190622
0.432018,-6.0765,-0.000179576
0.433016,-5.6413,-0.000166715
0.434014,-6.7774,-0.000200290
0.435011,-6.3076,-0.000186408
0.436009,-6.2288,-0.000184078
0.437007,-6.0201,-0.000177912
0.438005,-6.7863,-0.000200553
0.439002,-7.3484,-0.000217164
0.440000,-7.5895,-0.000224291
0.440998,-8.1405,-0.000240575
0.441995,-8.5822,-0.000253629
0.442993,-9.6904,-0.000286378
0.443991,-11.0043,-0.000325208
0.444989,-10.8825,-0.000321608
0.445986,-9.1458,-0.000270283
0.446984,-8.9899,-0.000265677
0.447982,-8.1000,-0.000239378
0.448980,-8.6782,-0.000256463
0.449977,-9.2930,-0.000274635
0.450975,-8.9330,-0.000263994
0.451973,-7.3294,-0.000216604
0.452971,-8.0645,-0.000238329
0.453968,-6.5090,-0.000192358
0.454966,-5.1074,-0.000150936
0.455964,-3.2256,-0.000095325
0.456961,-2.9389,-0.000086852
0.457959,-2.7741,-0.000081983
0.458957,-3.3120,-0.000097878
0.459955,-4.1930,-0.000123916
0.460952,-4.4775,-0.000132323
0.461950,-4.3243,-0.000127795
0.462948,-5.0067,-0.000147962
0.463946,-4.7809,-0.000141288
0.464943,-4.3113,-0.000127410
0.465941,-5.4848,-0.000162091
0.466939,-6.6001,-0.000195051
0.467937,-6.7000,-0.000198002
0.468934,-8.0164,-0.000236906
0.469932,-7.2872,-0.000215357
0.470930,-8.1624,-0.000241220
0.471927,-8.0611,-0.000238228
0.472925,-8.9427,-0.000264281
0.473923,-9.7508,-0.000288164
0.474921,-8.8410,-0.000261274
0.475918,-8.4191,-0.000248807
0.476916,-9.6258,-0.000284469
0.477914,-9.5872,-0.000283327
0.478912,-8.2070,-0.000242540
0.479909,-8.8597,-0.000261828
0.480907,-6.8508,-0.000202461
0.481905,-7.7662,-0.000229513
0.482902,-8.3441,-0.000246590
0.483900,-6.6025,-0.000195123
0.484898,-6.7010,-0.000198034
0.485896,-4.3167,-0.000127571
0.486893,-5.4440,-0.000160885
0.487891,-5.2822,-0.000156104
0.488889,-5.1376,-0.000151830
0.489887,-4.1630,-0.000123027
0.490884,-4.6221,-0.000136597
0.491882,-4.6860,-0.000138483
0.492880,-5.4313,-0.000160510
0.493878,-6.3669,-0.000188161
0.494875,-5.0922,-0.000150490
0.495873,-5.7277,-0.000169269
0.496871,-4.8686,-0.000143881
0.497868,-5.9423,-0.000175611
0.498866,-6.7229,-0.000198681
0.499864,-8.2635,-0.000244210
0.500862,-7.4952,-0.000221505
0.501859,-7.6446,-0.000225919
0.502857,-9.7865,-0.000289219
0.503855,-9.9364,-0.000293649
0.504853,-8.8577,-0.000261770
0.505850,-8.5086,-0.000251452
0.506848,-8.9019,-0.000263077
0.507846,-7.6411,-0.000225815
0.508844,-8.0143,-0.000236845
0.509841,-8.3326,-0.000246250
0.510839,-7.0705,-0.000208952
0.511837,-5.6048,-0.000165639
0.512834,-4.5663,-0.000134947
0.513832,-5.7041,-0.000168573
0.514830,-3.9490,-0.000116703
0.515828,-3.1564,-0.000093279
0.516825,-2.8871,-0.000085323
0.517823,-2.6732,-0.000079000
0.518821,-2.2848,-0.000067523
0.519819,-4.3289,-0.000127932
0.520816,-4.2039,-0.000124237
0.521814,-3.7512,-0.000110859
0.522812,-4.7396,-0.000140070
0.523810,-6.2213,-0.000183857
0.524807,-7.3334,-0.000216723
0.525805,-7.6157,-0.000225065
0.526803,-7.6195,-0.000225176
0.527800,-7.9883,-0.000236077
0.528798,-8.0216,-0.000237059
0.529796,-7.5761,-0.000223894
0.530794,-7.8753,-0.000232738
0.531791,-7.9978,-0.000236358
0.532789,-7.1574,-0.000211519
0.533787,-8.4712,-0.000250347
0.534785,-7.1183,-0.000210366
0.535782,-7.0388,-0.000208016
0.536780,-5.4660,-0.000161535
0.537778,-6.2679,-0.000185234
0.538776,-5.9812,-0.000176760
0.539773,-7.1184,-0.000210369
0.540771,-6.6608,-0.000196845
0.541769,-6.3016,-0.000186229
0.542766,-6.9496,-0.000205381
0.543764,-5.8043,-0.000171534
0.544762,-5.4964,-0.000162434
0.545760,-6.1732,-0.000182436
0.546757,-5.6443,-0.000166804
0.547755,-6.3511,-0.000187693
0.548753,-6.3949,-0.000188987
0.549751,-6.4012,-0.000189174
0.550748,-6.3563,-0.000187846
0.551746,-5.5918,-0.000165254
0.552744,-5.9052,-0.000174514
0.553741,-7.3865,-0.000218291
0.554739,-8.1585,-0.000241107
0.555737,-8.7370,-0.000258201
0.556735,-9.0336,-0.000266967
0.557732,-8.5788,-0.000253527
0.558730,-7.5715,-0.000223759
0.559728,-6.9626,-0.000205764
0.560726,-6.7231,-0.000198687
0.561723,-7.7758,-0.000229795
0.562721,-7.6686,-0.000226628
0.563719,-7.5429,-0.000222913
0.564717,-7.9369,-0.000234558
0.565714,-7.0084,-0.000207118
0.566712,-6.6206,-0.000195658
0.567710,-4.2208,-0.000124737
0.568707,-4.3151,-0.000127522
0.569705,-3.2534,-0.000096147
0.570703,-3.3420,-0.000098766
0.571701,-3.8123,-0.000112663
0.572698,-3.9624,-0.000117101
0.573696,-2.6790,-0.000079173
0.574694,-1.7698,-0.000052303
0.575692,-1.4287,-0.000042221
0.576689,-0.1686,-0.000004983
0.577687,0.3044,0.000008996
0.578685,0.3309,0.000009780
0.579683,-0.0279,-0.000000825
0.580680,1.5791,0.000046667
0.581678,1.8012,0.000053232
0.582676,1.3407,0.000039622
0.583673,2.0484,0.000060535
0.584671,1.4508,0.000042875
0.585669,1.8004,0.000053206
0.586667,2.4368,0.000072014
0.587664,3.7896,0.000111994
0.588662,3.9667,0.000117227
0.589660,3.7947,0.000112144
0.590658,2.5788,0.000076210
0.591655,2.0577,0.000060812
0.592653,2.4047,0.000071066
0.593651,1.4120,0.000041728
0.594649,1.3636,0.000040298
0.595646,1.2466,0.000036840
0.596644,0.1017,0.000003006
0.597642,0.2751,0.000008131
0.598639,1.1422,0.000033756
0.599637,-1.1774,-0.000034796
0.600635,-0.4579,-0.000013532
0.601633,-1.4954,-0.000044193
0.602630,1.0507,0.000031052
0.603628,1.3912,0.000041114
0.604626,3.1597,0.000093377
0.605624,3.3895,0.000100170
0.606621,1.9350,0.000057183
0.607619,3.4990,0.000103404
0.608617,3.8181,0.000112834
0.609615,4.2863,0.000126673
0.610612,4.4005,0.000130046
0.611610,5.0751,0.000149982
0.612608,5.5021,0.000162602
0.613605,5.3221,0.000157283
0.614603,5.0742,0.000149955
0.615601,3.2097,0.000094854
0.616599,2.5006,0.000073900
0.617596,2.1213,0.000062690
0.618594,3.7697,0.000111405
0.619592,2.4393,0.000072088
0.620590,1.7557,0.000051885
0.621587,3.2468,0.000095953
0.622585,2.2405,0.000066212
0.623583,2.7977,0.000082681
0.624580,1.8785,0.000055515
0.625578,2.5866,0.000076442
0.626576,2.3245,0.000068695
0.627574,3.6488,0.000107831
0.628571,3.3078,0.000097756
0.629569,3.5456,0.000104782
0.630567,3.7998,0.000112294
0.631565,4.7990,0.000141825
0.632562,4.8453,0.000143193
0.633560,4.9890,0.000147440
0.634558,4.1616,0.000122986
0.635556,3.6001,0.000106394
0.636553,4.9485,0.000146242
0.637551,4.0094,0.000118489
0.638549,4.1699,0.000123233
0.639546,3.0780,0.000090965
0.640544,0.9621,0.000028434
0.641542,1.1315,0.000033439
0.642540,3.1122,0.000091973
0.643537,-0.0479,-0.000001415
0.644535,-0.5246,-0.000015503
0.645533,-0.6973,-0.000020608
0.646531,-0.0436,-0.000001288
0.647528,-0.1877,-0.000005547
0.648526,0.7980,0.000023584
0.649524,1.2372,0.000036563
0.650522,0.9393,0.000027760
0.651519,1.3669,0.000040397
0.652517,1.5610,0.000046131
0.653515,3.1402,0.000092803
0.654512,2.7441,0.000081097
0.655510,1.4456,0.000042723
0.656508,2.8456,0.000084095
0.657506,2.5798,0.000076240
0.658503,4.1286,0.000122011
0.659501,3.4280,0.000101306
0.660499,4.6696,0.000138000
0.661497,2.3193,0.000068540
0.662494,1.9880,0.000058750
0.663492,2.2993,0.000067951
0.664490,1.0581,0.000031271
0.665488,1.7822,0.000052669
0.666485,1.3586,0.000040152
0.667483,0.7028,0.000020771
0.668481,2.3246,0.000068699
0.669478,2.2270,0.000065814
0.670476,2.2678,0.000067019
0.671474,1.2282,0.000036298
0.672472,0.8072,0.000023854
0.673469,0.1958,0.000005788
0.674467,2.5953,0.000076698
0.675465,2.1084,0.000062310
0.676463,2.2494,0.000066476
0.677460,4.0886,0.000120830
0.678458,2.9342,0.000086713
0.679456,5.1065,0.000150910
0.680454,3.0526,0.000090213
0.681451,2.2552,0.000066646
0.682449,3.8792,0.000114640
0.683447,3.3739,0.000099709
0.684444,4.3218,0.000127721
0.685442,3.2422,0.000095815
0.686440,4.0649,0.000120130
0.687438,2.6372,0.000077937
0.688435,1.9470,0.000057540
0.689433,0.3805,0.000011245
0.690431,1.6200,0.000047877
0.691429,0.4882,0.000014427
0.692426,-0.9359,-0.000027657
0.693424,-0.6206,-0.000018341
0.694422,-1.1041,-0.000032630
0.695420,-0.6221,-0.000018385
0.696417,-2.6861,-0.000079381
0.697415,-2.2675,-0.000067011
0.698413,-1.3717,-0.000040539
0.699410,-3.1667,-0.000093584
0.700408,-2.0652,-0.000061031
0.701406,-0.2122,-0.000006272
0.702404,0.4104,0.000012127
0.703401,-0.0495,-0.000001462
0.704399,0.0755,0.000002231
0.705397,0.9804,0.000028973
0.706395,0.9824,0.000029034
0.707392,1.0828,0.000032000
0.708390,1.7799,0.000052600
0.709388,2.1973,0.000064935
0.710385,2.2498,0.000066489
0.711383,4.2782,0.000126434
0.712381,4.2890,0.000126753
0.713379,3.4167,0.000100972
0.714376,4.3032,0.000127172
0.715374,4.2239,0.000124829
0.716372,4.5990,0.000135914
0.717370,4.0403,0.000119401
0.718367,4.4529,0.000131596
0.719365,4.3351,0.000128114
0.720363,3.5283,0.000104270
0.721361,4.7212,0.000139524
0.722358,5.5030,0.000162628
0.723356,3.3559,0.000099176
0.724354,2.6276,0.000077654
0.725351,4.7256,0.000139654
0.726349,2.5600,0.000075654
0.727347,1.8313,0.000054119
0.728345,2.6274,0.000077648
0.729342,1.2879,0.000038061
0.730340,2.2094,0.000065293
0.731338,1.4414,0.000042598
0.732336,1.9658,0.000058095
0.733333,2.1023,0.000062129
0.734331,1.3714,0.000040527
0.735329,1.2648,0.000037378
0.736327,1.8295,0.000054067
0.737324,3.4270,0.000101279
0.738322,2.1654,0.000063992
0.739320,3.2869,0.000097137
0.740317,3.1582,0.000093332
0.741315,2.4416,0.000072155
0.742313,4.4289,0.000130887
0.743311,2.2130,0.000065400
0.744308,2.9402,0.000086890
0.745306,2.9244,0.000086424
0.746304,2.8073,0.000082962
0.747302,1.9959,0.000058985
0.748299,2.5736,0.000076057
0.749297,2.4395,0.000072095
0.750295,3.1053,0.000091769
0.751293,2.2594,0.000066772
0.752290,2.1676,0.000064057
0.753288,1.5477,0.000045738
0.754286,0.9369,0.000027689
0.755283,3.1202,0.000092210
0.756281,3.1540,0.000093211
0.757279,2.4822,0.000073355
0.758277,3.2890,0.000097198
0.759274,3.0708,0.000090752
0.760272,4.1541,0.000122765
0.761270,4.1111,0.000121494
0.762268,3.0865,0.000091214
0.763265,2.9077,0.000085930
0.764263,4.2113,0.000124454
0.765261,3.5819,0.000105855
0.766259,2.7677,0.000081793
0.767256,1.4875,0.000043960
0.768254,1.5139,0.000044741
0.769252,2.2482,0.000066441
0.770249,1.7447,0.000051560
0.771247,0.5634,0.000016650
0.772245,1.5932,0.000047085
0.773243,-0.4026,-0.000011897
0.774240,0.4405,0.000013019
0.775238,0.6623,0.000019572
0.776236,0.2981,0.000008810
0.777234,0.6110,0.000018057
0.778231,1.5825,0.000046768
0.779229,1.9377,0.000057264
0.780227,1.7041,0.000050361
0.781224,0.6914,0.000020433
0.782222,-0.8332,-0.000024622
0.783220,1.4402,0.000042563
0.784218,-0.8075,-0.000023864
0.785215,0.3840,0.000011349
0.786213,1.3959,0.000041251
0.787211,-1.1494,-0.000033967
0.788209,1.0586,0.000031284
0.789206,1.6644,0.000049187
0.790204,2.4040,0.000071045
0.791202,2.3413,0.000069193
0.792200,0.7236,0.000021384
0.793197,1.6033,0.000047381
0.794195,1.0872,0.000032129
0.795193,1.9578,0.000057857
0.796190,2.0094,0.000059383
0.797188,2.3672,0.000069958
0.798186,2.6160,0.000077309
0.799184,1.4811,0.000043772
