t_s,vout_mean_v,vout_sd_v,n_repeats
-0.3500,0.0226446,0.0107536,10
-0.3490,0.0228059,0.0161968,10
-0.3480,0.0409378,0.0076648,10
-0.3470,0.0395679,0.0100074,10
-0.3460,0.0370697,0.0080298,10
-0.3450,0.0363443,0.0174551,10
-0.3440,0.0571354,0.0136647,10
-0.3430,0.0435972,0.0126842,10
-0.3420,0.0381172,0.0074853,10
-0.3410,0.0541538,0.0126823,10
-0.3400,0.0593920,0.0097155,10
-0.3390,0.0566520,0.0124803,10
-0.3380,0.0473039,0.0159098,10
-0.3370,0.0535896,0.0113425,10
-0.3360,0.0458534,0.0148565,10
-0.3350,0.0383590,0.0129080,10
-0.3340,0.0290110,0.0121566,10
-0.3330,0.0377949,0.0125340,10
-0.3320,0.0181319,0.0157757,10
-0.3310,0.0106374,0.0142189,10
-0.3300,0.0063663,0.0137837,10
-0.3290,0.0148277,0.0100691,10
-0.3280,-0.0065275,0.0154791,10
-0.3270,-0.0131356,0.0196606,10
-0.3260,-0.0027400,0.0129677,10
-0.3250,-0.0067693,0.0084235,10
-0.3240,-0.0129743,0.0097323,10
-0.3230,-0.0197437,0.0106663,10
-0.3220,-0.0022563,0.0077584,10
-0.3210,-0.0067692,0.0096691,10
-0.3200,-0.0085423,0.0186800,10
-0.3190,0.0037875,0.0193175,10
-0.3180,0.0202271,0.0135057,10
-0.3170,0.0248205,0.0048293,10
-0.3160,0.0190183,0.0184148,10
-0.3150,0.0339268,0.0089522,10
-0.3140,0.0286081,0.0036506,10
-0.3130,0.0244982,0.0087245,10
-0.3120,0.0013700,0.0172835,10
-0.3110,0.0145055,0.0176370,10
-0.3100,0.0121684,0.0147760,10
-0.3090,-0.0020953,0.0054689,10
-0.3080,0.0154724,0.0174267,10
-0.3070,0.0145860,0.0117471,10
-0.3060,-0.0051575,0.0162985,10
-0.3050,-0.0419854,0.0134715,10
-0.3040,-0.0236923,0.0150300,10
-0.3030,-0.0206301,0.0071113,10
-0.3020,-0.0296556,0.0128612,10
-0.3010,-0.0403736,0.0135865,10
-0.3000,-0.0199854,0.0106076,10
-0.2990,-0.0157950,0.0099630,10
-0.2980,-0.0213554,0.0097999,10
-0.2970,-0.0194214,0.0177730,10
-0.2960,-0.0174067,0.0141888,10
-0.2950,-0.0195825,0.0156427,10
-0.2940,-0.0249817,0.0124339,10
-0.2930,-0.0011283,0.0229905,10
-0.2920,0.0016921,0.0156078,10
-0.2910,-0.0087839,0.0178999,10
-0.2900,-0.0113627,0.0220732,10
-0.2890,-0.0030623,0.0130584,10
-0.2880,-0.0018536,0.0162940,10
-0.2870,-0.0054798,0.0118010,10
-0.2860,-0.0079780,0.0176886,10
-0.2850,0.0164395,0.0133964,10
-0.2840,0.0038682,0.0110432,10
-0.2830,-0.0139414,0.0147419,10
-0.2820,0.0051575,0.0174887,10
-0.2810,0.0169229,0.0094687,10
-0.2800,-0.0037070,0.0121327,10
-0.2790,-0.0128939,0.0120448,10
-0.2780,0.0141831,0.0139216,10
-0.2770,0.0090255,0.0091548,10
-0.2760,-0.0041907,0.0134698,10
-0.2750,-0.0058829,0.0207999,10
-0.2740,0.0208717,0.0138019,10
-0.2730,0.0204688,0.0085220,10
-0.2720,0.0099926,0.0111690,10
-0.2710,0.0413407,0.0113264,10
-0.2700,0.0417437,0.0072362,10
-0.2690,0.0295750,0.0126198,10
-0.2680,0.0113625,0.0167167,10
-0.2670,0.0247399,0.0063920,10
-0.2660,0.0199854,0.0127079,10
-0.2650,0.0208718,0.0105450,10
-0.2640,0.0041099,0.0138552,10
-0.2630,0.0162783,0.0109952,10
-0.2620,0.0073332,0.0136396,10
-0.2610,-0.0165203,0.0101851,10
-0.2600,-0.0116851,0.0184678,10
-0.2590,-0.0310258,0.0182887,10
-0.2580,-0.0350548,0.0112106,10
-0.2570,-0.0548792,0.0165652,10
-0.2560,-0.0303005,0.0125924,10
-0.2550,-0.0267546,0.0112605,10
-0.2540,-0.0327180,0.0066633,10
-0.2530,-0.0301393,0.0212262,10
-0.2520,-0.0120074,0.0142785,10
-0.2510,-0.0147471,0.0121378,10
-0.2500,-0.0275604,0.0200553,10
-0.2490,-0.0120075,0.0194238,10
-0.2480,-0.0070915,0.0152713,10
-0.2470,-0.0143443,0.0186899,10
-0.2460,-0.0112014,0.0190396,10
-0.2450,0.0032233,0.0138599,10
-0.2440,-0.0005640,0.0147092,10
-0.2430,0.0016921,0.0136644,10
-0.2420,0.0048351,0.0192826,10
-0.2410,0.0224028,0.0077248,10
-0.2400,0.0185347,0.0079907,10
-0.2390,-0.0073335,0.0115554,10
-0.2380,0.0127325,0.0200604,10
-0.2370,0.0232087,0.0094653,10
-0.2360,0.0007253,0.0099534,10
-0.2350,-0.0012895,0.0167110,10
-0.2340,-0.0003223,0.0101424,10
-0.2330,0.0012892,0.0114597,10
-0.2320,-0.0032235,0.0109336,10
-0.2310,-0.0250623,0.0094552,10
-0.2300,-0.0136192,0.0169686,10
-0.2290,-0.0310256,0.0105002,10
-0.2280,-0.0324763,0.0172839,10
-0.2270,-0.0386812,0.0276966,10
-0.2260,-0.0292528,0.0106490,10
-0.2250,-0.0464982,0.0119194,10
-0.2240,-0.0487546,0.0154791,10
-0.2230,-0.0298975,0.0095554,10
-0.2220,-0.0246593,0.0104749,10
-0.2210,-0.0228864,0.0128001,10
-0.2200,-0.0385204,0.0222302,10
-0.2190,-0.0152308,0.0092768,10
-0.2180,-0.0196630,0.0101798,10
-0.2170,-0.0157143,0.0078036,10
-0.2160,-0.0224836,0.0135020,10
-0.2150,-0.0045129,0.0099685,10
-0.2140,-0.0062857,0.0119596,10
-0.2130,-0.0053188,0.0169568,10
-0.2120,0.0049157,0.0181114,10
-0.2110,0.0181318,0.0103455,10
-0.2100,0.0011281,0.0170688,10
-0.2090,-0.0207913,0.0200691,10
-0.2080,0.0035457,0.0181009,10
-0.2070,-0.0082197,0.0133781,10
-0.2060,-0.0104762,0.0117748,10
-0.2050,-0.0071721,0.0155502,10
-0.2040,-0.0140221,0.0138917,10
-0.2030,-0.0265934,0.0081823,10
-0.2020,-0.0453700,0.0136042,10
-0.2010,-0.0298168,0.0209416,10
-0.2000,-0.0533481,0.0155723,10
-0.1990,-0.0586667,0.0088373,10
-0.1980,-0.0686594,0.0167093,10
-0.1970,-0.0517364,0.0101582,10
-0.1960,-0.0512528,0.0102998,10
-0.1950,-0.0516557,0.0136804,10
-0.1940,-0.0556851,0.0135652,10
-0.1930,-0.0518170,0.0096572,10
-0.1920,-0.0390842,0.0134246,10
-0.1910,-0.0349745,0.0130549,10
-0.1900,-0.0133772,0.0134787,10
-0.1890,-0.0117656,0.0063892,10
-0.1880,-0.0168426,0.0154554,10
-0.1870,-0.0139416,0.0181718,10
-0.1860,-0.0020146,0.0104417,10
-0.1850,-0.0064469,0.0168074,10
-0.1840,-0.0091869,0.0151321,10
-0.1830,-0.0183737,0.0148272,10
-0.1820,-0.0043517,0.0094204,10
-0.1810,-0.0145860,0.0076671,10
-0.1800,-0.0331210,0.0137152,10
-0.1790,-0.0220000,0.0194736,10
-0.1780,-0.0275605,0.0134999,10
-0.1770,-0.0302198,0.0134534,10
-0.1760,-0.0447253,0.0148525,10
-0.1750,-0.0201465,0.0114135,10
-0.1740,-0.0269964,0.0111550,10
-0.1730,-0.0298168,0.0104475,10
-0.1720,-0.0346522,0.0163739,10
-0.1710,-0.0325569,0.0112099,10
-0.1700,-0.0347326,0.0135357,10
-0.1690,-0.0400515,0.0112356,10
-0.1680,-0.0307033,0.0150350,10
-0.1670,-0.0258681,0.0076348,10
-0.1660,-0.0274797,0.0148209,10
-0.1650,-0.0390844,0.0120644,10
-0.1640,-0.0203077,0.0172334,10
-0.1630,-0.0305422,0.0103728,10
-0.1620,-0.0425496,0.0096038,10
-0.1610,-0.0311064,0.0180380,10
-0.1600,-0.0118459,0.0080519,10
-0.1590,-0.0228060,0.0135447,10
-0.1580,-0.0250624,0.0166220,10
-0.1570,-0.0153921,0.0107291,10
-0.1560,-0.0220806,0.0175629,10
-0.1550,-0.0342491,0.0125167,10
-0.1540,-0.0452089,0.0136316,10
-0.1530,-0.0149891,0.0064622,10
-0.1520,-0.0087838,0.0161147,10
-0.1510,-0.0248205,0.0082614,10
-0.1500,-0.0290915,0.0165910,10
-0.1490,-0.0277216,0.0160390,10
-0.1480,-0.0429526,0.0147759,10
-0.1470,-0.0578609,0.0102931,10
-0.1460,-0.0574580,0.0119230,10
-0.1450,-0.0578608,0.0088554,10
-0.1440,-0.0589892,0.0111696,10
-0.1430,-0.0666448,0.0145946,10
-0.1420,-0.0489964,0.0143790,10
-0.1410,-0.0666448,0.0100514,10
-0.1400,-0.0816337,0.0125785,10
-0.1390,-0.0815531,0.0127620,10
-0.1380,-0.0809084,0.0049071,10
-0.1370,-0.0892089,0.0088436,10
-0.1360,-0.1064543,0.0196165,10
-0.1350,-0.0917874,0.0160775,10
-0.1340,-0.0902564,0.0112284,10
-0.1330,-0.1041979,0.0130977,10
-0.1320,-0.1149963,0.0180093,10
-0.1310,-0.0988792,0.0133352,10
-0.1300,-0.0982345,0.0126756,10
-0.1290,-0.1076631,0.0169572,10
-0.1280,-0.1159633,0.0195406,10
-0.1270,-0.1178168,0.0133178,10
-0.1260,-0.1259560,0.0099371,10
-0.1250,-0.1250696,0.0134064,10
-0.1240,-0.1066961,0.0224471,10
-0.1230,-0.1033919,0.0110367,10
-0.1220,-0.1063737,0.0160684,10
-0.1210,-0.1075019,0.0119643,10
-0.1200,-0.0854212,0.0122189,10
-0.1190,-0.0883222,0.0112957,10
-0.1180,-0.0867107,0.0130679,10
-0.1170,-0.1022638,0.0209677,10
-0.1160,-0.0785715,0.0119105,10
-0.1150,-0.0719633,0.0087305,10
-0.1140,-0.0873553,0.0094659,10
-0.1130,-0.0817144,0.0140060,10
-0.1120,-0.0911429,0.0101101,10
-0.1110,-0.1006520,0.0122004,10
-0.1100,-0.1190255,0.0114303,10
-0.1090,-0.1039561,0.0210946,10
-0.1080,-0.0971869,0.0162050,10
-0.1070,-0.1199926,0.0163065,10
-0.1060,-0.1270038,0.0252267,10
-0.1050,-0.1158829,0.0100149,10
-0.1040,-0.1154798,0.0120250,10
-0.1030,-0.1376410,0.0144659,10
-0.1020,-0.1216046,0.0202675,10
-0.1010,-0.1138683,0.0130812,10
-0.1000,-0.1129011,0.0095104,10
-0.0990,-0.1127398,0.0172031,10
-0.0980,-0.0936410,0.0193964,10
-0.0970,-0.1025862,0.0121900,10
-0.0960,-0.1111283,0.0155433,10
-0.0950,-0.1083077,0.0216158,10
-0.0940,-0.0838902,0.0082600,10
-0.0930,-0.0971063,0.0133637,10
-0.0920,-0.1041979,0.0150650,10
-0.0910,-0.0993626,0.0248292,10
-0.0900,-0.0854213,0.0097563,10
-0.0890,-0.0928352,0.0119773,10
-0.0880,-0.1114505,0.0093545,10
-0.0870,-0.0947692,0.0124116,10
-0.0860,-0.0980733,0.0155188,10
-0.0850,-0.1000074,0.0132648,10
-0.0840,-0.1095969,0.0132503,10
-0.0830,-0.1112086,0.0106702,10
-0.0820,-0.1105641,0.0099717,10
-0.0810,-0.1164468,0.0083149,10
-0.0800,-0.1160439,0.0189120,10
-0.0790,-0.0955752,0.0160499,10
-0.0780,-0.1134653,0.0097385,10
-0.0770,-0.1071797,0.0131975,10
-0.0760,-0.0965422,0.0231951,10
-0.0750,-0.0841318,0.0139087,10
-0.0740,-0.0771209,0.0142245,10
-0.0730,-0.0885642,0.0126508,10
-0.0720,-0.0763954,0.0127779,10
-0.0710,-0.0633407,0.0113313,10
-0.0700,-0.0683370,0.0078146,10
-0.0690,-0.0679341,0.0138494,10
-0.0680,-0.0608425,0.0095449,10
-0.0670,-0.0641465,0.0138178,10
-0.0660,-0.0730110,0.0133158,10
-0.0650,-0.0707548,0.0147743,10
-0.0640,-0.0784102,0.0086287,10
-0.0630,-0.0759927,0.0110363,10
-0.0620,-0.0936411,0.0147706,10
-0.0610,-0.0899341,0.0127977,10
-0.0600,-0.0755896,0.0063731,10
-0.0590,-0.0933993,0.0076465,10
-0.0580,-0.0967034,0.0169486,10
-0.0570,-0.0826814,0.0156992,10
-0.0560,-0.0932382,0.0138202,10
-0.0550,-0.1057290,0.0159815,10
-0.0540,-0.0884836,0.0205130,10
-0.0530,-0.0678535,0.0082974,10
-0.0520,-0.0791355,0.0102709,10
-0.0510,-0.0859854,0.0128921,10
-0.0500,-0.0698680,0.0045400,10
-0.0490,-0.0622929,0.0106550,10
-0.0480,-0.0658390,0.0150704,10
-0.0470,-0.0766373,0.0157524,10
-0.0460,-0.0734945,0.0121034,10
-0.0450,-0.0815531,0.0094743,10
-0.0440,-0.0822784,0.0128686,10
-0.0430,-0.0691428,0.0130342,10
-0.0420,-0.0494801,0.0079453,10
-0.0410,-0.0680146,0.0147811,10
-0.0400,-0.0917071,0.0142272,10
-0.0390,-0.0721245,0.0089001,10
-0.0380,-0.0784102,0.0107394,10
-0.0370,-0.0755898,0.0160268,10
-0.0360,-0.0877582,0.0135569,10
-0.0350,-0.0819561,0.0133396,10
-0.0340,-0.0726081,0.0111233,10
-0.0330,-0.0871135,0.0197495,10
-0.0320,-0.0825201,0.0237200,10
-0.0310,-0.0854212,0.0146781,10
-0.0300,-0.0849377,0.0094998,10
-0.0290,-0.1048425,0.0165231,10
-0.0280,-0.0680953,0.0083735,10
-0.0270,-0.0672892,0.0059346,10
-0.0260,-0.0597950,0.0132058,10
-0.0250,-0.0632601,0.0171155,10
-0.0240,-0.0617290,0.0121279,10
-0.0230,-0.0539926,0.0160371,10
-0.0220,-0.0541539,0.0096524,10
-0.0210,-0.0485935,0.0170452,10
-0.0200,-0.0321539,0.0088267,10
-0.0190,-0.0390844,0.0103860,10
-0.0180,-0.0365862,0.0191036,10
-0.0170,-0.0344910,0.0097234,10
-0.0160,-0.0230477,0.0112288,10
-0.0150,-0.0286887,0.0115296,10
-0.0140,-0.0437584,0.0114423,10
-0.0130,-0.0464178,0.0071433,10
-0.0120,-0.0482713,0.0098006,10
-0.0110,-0.0589085,0.0184204,10
-0.0100,-0.0626155,0.0228414,10
-0.0090,-0.0504470,0.0058038,10
-0.0080,-0.0568939,0.0133590,10
-0.0070,-0.0723663,0.0071750,10
-0.0060,-0.0621319,0.0087489,10
-0.0050,-0.0705934,0.0060910,10
-0.0040,-0.0826813,0.0155541,10
-0.0030,-0.0966227,0.0181988,10
-0.0020,-0.0677728,0.0116255,10
-0.0010,-0.0805055,0.0075286,10
0.0000,-0.0923515,0.0146852,10
0.0010,-0.0880807,0.0224273,10
0.0020,-0.0792966,0.0111790,10
0.0030,-0.0830843,0.0101541,10
0.0040,-0.0879194,0.0104888,10
0.0050,-0.0818754,0.0133075,10
0.0060,-0.0729305,0.0108300,10
0.0070,-0.0878388,0.0119906,10
0.0080,-0.0908205,0.0203653,10
0.0090,-0.0700294,0.0126828,10
0.0100,-0.0713187,0.0151013,10
0.0110,-0.0779266,0.0116145,10
0.0120,-0.0706740,0.0179042,10
0.0130,-0.0642271,0.0037399,10
0.0140,-0.0626155,0.0104847,10
0.0150,-0.0690624,0.0132490,10
0.0160,-0.0541540,0.0107935,10
0.0170,-0.0585862,0.0077289,10
0.0180,-0.0663223,0.0110725,10
0.0190,-0.0625348,0.0172109,10
0.0200,-0.0558463,0.0081921,10
0.0210,-0.0590697,0.0103807,10
0.0220,-0.0713993,0.0092176,10
0.0230,-0.0750257,0.0183252,10
0.0240,-0.0619708,0.0082282,10
0.0250,-0.0739781,0.0107603,10
0.0260,-0.0809889,0.0153196,10
0.0270,-0.0726887,0.0152111,10
0.0280,-0.0680148,0.0102634,10
0.0290,-0.0757509,0.0131929,10
0.0300,-0.0824394,0.0193083,10
0.0310,-0.0495607,0.0078412,10
0.0320,-0.0631795,0.0108858,10
0.0330,-0.0662417,0.0086834,10
0.0340,-0.0684176,0.0224185,10
0.0350,-0.0612455,0.0066475,10
0.0360,-0.0660001,0.0139110,10
0.0370,-0.0755897,0.0109182,10
0.0380,-0.0527034,0.0158232,10
0.0390,-0.0560880,0.0137573,10
0.0400,-0.0614067,0.0110559,10
0.0410,-0.0842126,0.0177271,10
0.0420,-0.0581027,0.0119053,10
0.0430,-0.0697875,0.0094653,10
0.0440,-0.0744615,0.0128617,10
0.0450,-0.0782492,0.0254769,10
0.0460,-0.0683371,0.0085622,10
0.0470,-0.0709158,0.0116485,10
0.0480,-0.0738169,0.0104783,10
0.0490,-0.0638242,0.0153919,10
0.0500,-0.0664834,0.0092527,10
0.0510,-0.0668060,0.0079520,10
0.0520,-0.0734138,0.0185990,10
0.0530,-0.0435971,0.0145697,10
0.0540,-0.0609232,0.0141863,10
0.0550,-0.0572161,0.0102784,10
0.0560,-0.0563297,0.0189963,10
0.0570,-0.0432749,0.0167008,10
0.0580,-0.0304617,0.0091778,10
0.0590,-0.0507693,0.0135446,10
0.0600,-0.0532676,0.0129292,10
0.0610,-0.0473041,0.0085808,10
0.0620,-0.0452895,0.0088956,10
0.0630,-0.0539928,0.0182780,10
0.0640,-0.0431136,0.0103270,10
0.0650,-0.0515753,0.0070012,10
0.0660,-0.0406960,0.0114266,10
0.0670,-0.0410184,0.0199185,10
0.0680,-0.0350552,0.0148393,10
0.0690,-0.0367473,0.0047210,10
0.0700,-0.0426301,0.0121223,10
0.0710,-0.0514946,0.0155754,10
0.0720,-0.0406154,0.0131098,10
0.0730,-0.0499634,0.0112160,10
0.0740,-0.0534286,0.0152873,10
0.0750,-0.0449672,0.0125039,10
0.0760,-0.0556852,0.0115129,10
0.0770,-0.0519782,0.0120226,10
0.0780,-0.0595531,0.0120065,10
0.0790,-0.0403736,0.0134912,10
0.0800,-0.0529452,0.0110671,10
0.0810,-0.0562491,0.0115597,10
0.0820,-0.0611650,0.0156588,10
0.0830,-0.0477878,0.0101713,10
0.0840,-0.0493994,0.0130954,10
0.0850,-0.0552822,0.0128575,10
0.0860,-0.0245787,0.0116911,10
0.0870,-0.0295752,0.0120062,10
0.0880,-0.0397290,0.0077563,10
0.0890,-0.0506887,0.0186786,10
0.0900,-0.0269963,0.0092660,10
0.0910,-0.0369085,0.0104176,10
0.0920,-0.0485934,0.0058251,10
0.0930,-0.0363442,0.0173925,10
0.0940,-0.0311869,0.0125655,10
0.0950,-0.0395677,0.0100500,10
0.0960,-0.0510110,0.0121931,10
0.0970,-0.0269159,0.0081562,10
0.0980,-0.0296558,0.0120250,10
0.0990,-0.0311063,0.0127800,10
0.1000,-0.0472236,0.0125451,10
0.1010,-0.0290916,0.0101887,10
0.1020,-0.0391649,0.0157114,10
0.1030,-0.0437584,0.0150500,10
0.1040,-0.0433553,0.0125033,10
0.1050,-0.0282053,0.0112847,10
0.1060,-0.0327181,0.0072006,10
0.1070,-0.0562491,0.0131328,10
0.1080,-0.0350550,0.0172028,10
0.1090,-0.0415825,0.0095267,10
0.1100,-0.0449673,0.0074297,10
0.1110,-0.0518976,0.0126901,10
0.1120,-0.0257876,0.0139050,10
0.1130,-0.0365055,0.0078042,10
0.1140,-0.0442418,0.0088161,10
0.1150,-0.0377143,0.0167041,10
0.1160,-0.0274798,0.0106243,10
0.1170,-0.0375533,0.0087237,10
0.1180,-0.0496411,0.0122250,10
0.1190,-0.0369890,0.0123514,10
0.1200,-0.0315091,0.0098960,10
0.1210,-0.0470624,0.0110566,10
0.1220,-0.0481099,0.0237725,10
0.1230,-0.0315897,0.0128286,10
0.1240,-0.0391649,0.0119454,10
0.1250,-0.0415825,0.0134038,10
0.1260,-0.0431137,0.0139348,10
0.1270,-0.0317511,0.0085530,10
0.1280,-0.0409378,0.0080675,10
0.1290,-0.0497218,0.0167191,10
0.1300,-0.0312674,0.0191473,10
0.1310,-0.0228058,0.0084462,10
0.1320,-0.0396483,0.0097558,10
0.1330,-0.0383590,0.0184480,10
0.1340,-0.0298169,0.0148424,10
0.1350,-0.0370696,0.0125051,10
0.1360,-0.0370696,0.0117144,10
0.1370,-0.0532673,0.0177329,10
0.1380,-0.0352161,0.0078936,10
0.1390,-0.0448866,0.0116603,10
0.1400,-0.0517362,0.0160520,10
0.1410,-0.0361831,0.0184907,10
0.1420,-0.0371502,0.0094166,10
0.1430,-0.0394873,0.0126015,10
0.1440,-0.0524615,0.0168762,10
0.1450,-0.0349744,0.0089991,10
0.1460,-0.0377143,0.0076828,10
0.1470,-0.0418243,0.0123342,10
0.1480,-0.0378755,0.0179562,10
0.1490,-0.0327985,0.0143358,10
0.1500,-0.0402125,0.0102596,10
0.1510,-0.0553628,0.0108086,10
0.1520,-0.0412601,0.0162955,10
0.1530,-0.0316703,0.0131994,10
0.1540,-0.0375531,0.0139211,10
0.1550,-0.0556849,0.0131596,10
0.1560,-0.0256263,0.0100193,10
0.1570,-0.0297362,0.0059564,10
0.1580,-0.0395677,0.0132996,10
0.1590,-0.0481905,0.0174635,10
0.1600,-0.0341685,0.0121017,10
0.1610,-0.0335238,0.0075415,10
0.1620,-0.0538315,0.0141859,10
0.1630,-0.0447252,0.0146880,10
0.1640,-0.0298975,0.0139227,10
0.1650,-0.0341686,0.0098543,10
0.1660,-0.0541539,0.0135348,10
0.1670,-0.0296557,0.0150982,10
0.1680,-0.0365862,0.0130512,10
0.1690,-0.0396485,0.0088266,10
0.1700,-0.0390036,0.0183968,10
0.1710,-0.0351356,0.0142845,10
0.1720,-0.0386007,0.0053884,10
0.1730,-0.0479489,0.0085084,10
0.1740,-0.0414212,0.0093367,10
0.1750,-0.0362638,0.0122031,10
0.1760,-0.0416631,0.0081568,10
0.1770,-0.0513335,0.0149965,10
0.1780,-0.0249011,0.0125877,10
0.1790,-0.0393261,0.0150760,10
0.1800,-0.0346520,0.0129225,10
0.1810,-0.0402127,0.0150437,10
0.1820,-0.0356190,0.0130991,10
0.1830,-0.0338462,0.0117658,10
0.1840,-0.0419854,0.0123719,10
0.1850,-0.0439999,0.0175200,10
0.1860,-0.0312673,0.0088476,10
0.1870,-0.0418242,0.0115041,10
0.1880,-0.0532674,0.0202152,10
0.1890,-0.0276410,0.0116887,10
0.1900,-0.0402124,0.0180710,10
0.1910,-0.0448864,0.0069395,10
0.1920,-0.0506082,0.0153751,10
0.1930,-0.0344103,0.0078425,10
0.1940,-0.0318316,0.0129178,10
0.1950,-0.0487548,0.0079629,10
0.1960,-0.0440806,0.0200334,10
0.1970,-0.0262711,0.0127088,10
0.1980,-0.0352968,0.0102713,10
0.1990,-0.0470624,0.0179369,10
0.2000,-0.0348939,0.0050537,10
0.2010,-0.0364250,0.0076327,10
0.2020,-0.0425495,0.0138992,10
0.2030,-0.0526228,0.0220520,10
0.2040,-0.0363442,0.0086000,10
0.2050,-0.0410183,0.0112336,10
0.2060,-0.0495606,0.0110624,10
0.2070,-0.0422270,0.0163810,10
0.2080,-0.0334434,0.0149632,10
0.2090,-0.0444836,0.0098930,10
0.2100,-0.0488353,0.0125272,10
0.2110,-0.0407767,0.0139948,10
0.2120,-0.0404544,0.0088467,10
0.2130,-0.0419049,0.0130202,10
0.2140,-0.0410989,0.0172407,10
0.2150,-0.0347328,0.0095853,10
0.2160,-0.0352967,0.0080158,10
0.2170,-0.0371503,0.0136702,10
0.2180,-0.0390843,0.0176822,10
0.2190,-0.0332821,0.0117721,10
0.2200,-0.0487547,0.0102659,10
0.2210,-0.0510916,0.0131204,10
0.2220,-0.0390843,0.0153131,10
0.2230,-0.0428720,0.0083624,10
0.2240,-0.0390843,0.0116666,10
0.2250,-0.0503663,0.0172010,10
0.2260,-0.0384397,0.0088064,10
0.2270,-0.0386816,0.0083804,10
0.2280,-0.0397291,0.0122259,10
0.2290,-0.0435970,0.0146211,10
0.2300,-0.0315090,0.0132718,10
0.2310,-0.0452895,0.0137663,10
0.2320,-0.0447254,0.0203473,10
0.2330,-0.0356997,0.0141600,10
0.2340,-0.0357803,0.0119353,10
0.2350,-0.0387618,0.0109751,10
0.2360,-0.0487547,0.0181487,10
0.2370,-0.0272381,0.0101404,10
0.2380,-0.0373114,0.0090799,10
0.2390,-0.0479490,0.0108773,10
0.2400,-0.0456924,0.0232363,10
0.2410,-0.0323956,0.0100416,10
0.2420,-0.0321539,0.0132352,10
0.2430,-0.0482713,0.0129222,10
0.2440,-0.0386008,0.0131652,10
0.2450,-0.0406154,0.0102400,10
0.2460,-0.0396485,0.0128349,10
0.2470,-0.0471429,0.0155290,10
0.2480,-0.0288497,0.0123927,10
0.2490,-0.0421465,0.0095931,10
0.2500,-0.0436778,0.0141959,10
0.2510,-0.0447252,0.0223842,10
0.2520,-0.0319927,0.0127473,10
0.2530,-0.0298168,0.0083768,10
0.2540,-0.0460147,0.0065580,10
0.2550,-0.0346520,0.0173752,10
0.2560,-0.0279635,0.0057152,10
0.2570,-0.0365055,0.0095519,10
0.2580,-0.0543958,0.0141226,10
0.2590,-0.0327986,0.0123141,10
0.2600,-0.0362638,0.0066391,10
0.2610,-0.0395678,0.0110466,10
0.2620,-0.0448059,0.0148088,10
0.2630,-0.0373920,0.0098848,10
0.2640,-0.0302198,0.0115593,10
0.2650,-0.0429524,0.0176051,10
0.2660,-0.0332822,0.0090590,10
0.2670,-0.0280440,0.0073125,10
0.2680,-0.0415020,0.0135358,10
0.2690,-0.0581026,0.0193161,10
0.2700,-0.0331210,0.0100561,10
0.2710,-0.0326374,0.0075979,10
0.2720,-0.0437583,0.0108903,10
0.2730,-0.0450477,0.0217743,10
0.2740,-0.0296559,0.0061480,10
0.2750,-0.0376338,0.0175341,10
0.2760,-0.0464177,0.0157485,10
0.2770,-0.0453700,0.0155183,10
0.2780,-0.0342492,0.0061904,10
0.2790,-0.0390844,0.0077126,10
0.2800,-0.0543955,0.0168258,10
0.2810,-0.0241759,0.0095210,10
0.2820,-0.0342491,0.0173670,10
0.2830,-0.0443224,0.0130784,10
0.2840,-0.0460148,0.0137022,10
0.2850,-0.0432748,0.0105310,10
0.2860,-0.0381173,0.0114279,10
0.2870,-0.0445643,0.0110118,10
0.2880,-0.0445641,0.0149926,10
0.2890,-0.0333628,0.0121816,10
0.2900,-0.0411796,0.0111391,10
0.2910,-0.0534288,0.0152562,10
0.2920,-0.0313481,0.0096845,10
0.2930,-0.0368279,0.0103086,10
0.2940,-0.0409378,0.0136835,10
0.2950,-0.0500440,0.0177750,10
0.2960,-0.0271577,0.0126661,10
0.2970,-0.0329597,0.0124244,10
0.2980,-0.0410989,0.0143537,10
0.2990,-0.0329596,0.0197878,10
0.3000,-0.0276410,0.0092015,10
0.3010,-0.0341685,0.0113929,10
0.3020,-0.0485131,0.0123529,10
0.3030,-0.0317510,0.0124339,10
0.3040,-0.0392456,0.0136214,10
0.3050,-0.0492382,0.0128644,10
0.3060,-0.0586668,0.0159687,10
0.3070,-0.0315897,0.0111756,10
0.3080,-0.0389232,0.0108432,10
0.3090,-0.0437584,0.0116138,10
0.3100,-0.0432748,0.0146246,10
0.3110,-0.0361832,0.0175771,10
0.3120,-0.0414213,0.0126510,10
0.3130,-0.0448866,0.0105123,10
0.3140,-0.0331208,0.0139097,10
0.3150,-0.0269158,0.0088783,10
0.3160,-0.0369085,0.0141069,10
0.3170,-0.0410989,0.0185499,10
0.3180,-0.0303810,0.0107073,10
0.3190,-0.0311870,0.0162010,10
0.3200,-0.0402930,0.0140066,10
0.3210,-0.0418244,0.0179708,10
0.3220,-0.0395678,0.0096565,10
0.3230,-0.0410990,0.0114400,10
0.3240,-0.0531064,0.0132973,10
0.3250,-0.0311867,0.0162880,10
0.3260,-0.0360221,0.0103193,10
0.3270,-0.0434360,0.0110977,10
0.3280,-0.0511723,0.0172534,10
0.3290,-0.0395678,0.0163085,10
0.3300,-0.0368278,0.0069196,10
0.3310,-0.0390842,0.0129522,10
0.3320,-0.0482712,0.0204770,10
0.3330,-0.0394067,0.0094519,10
0.3340,-0.0421467,0.0150397,10
0.3350,-0.0446449,0.0209274,10
0.3360,-0.0369085,0.0119560,10
0.3370,-0.0375531,0.0111272,10
0.3380,-0.0385202,0.0098924,10
0.3390,-0.0521393,0.0128087,10
0.3400,-0.0300587,0.0101014,10
0.3410,-0.0403736,0.0096898,10
0.3420,-0.0462564,0.0068370,10
0.3430,-0.0458536,0.0174656,10
0.3440,-0.0363444,0.0092852,10
0.3450,-0.0346521,0.0079715,10
0.3460,-0.0457730,0.0158333,10
0.3470,-0.0400515,0.0082096,10
0.3480,-0.0291723,0.0105200,10
0.3490,-0.0389232,0.0085596,10
0.3500,-0.0475459,0.0154042,10
0.3510,-0.0255458,0.0111496,10
0.3520,-0.0371503,0.0140368,10
0.3530,-0.0435166,0.0136415,10
0.3540,-0.0484323,0.0139277,10
0.3550,-0.0289304,0.0120903,10
0.3560,-0.0392456,0.0105267,10
0.3570,-0.0556850,0.0082295,10
0.3580,-0.0370697,0.0063664,10
0.3590,-0.0332015,0.0111474,10
0.3600,-0.0461760,0.0099338,10
0.3610,-0.0523004,0.0150400,10
0.3620,-0.0361026,0.0123785,10
0.3630,-0.0325569,0.0143387,10
0.3640,-0.0455312,0.0102721,10
0.3650,-0.0448864,0.0186448,10
0.3660,-0.0336044,0.0086406,10
0.3670,-0.0404543,0.0109644,10
0.3680,-0.0522199,0.0096221,10
0.3690,-0.0342490,0.0186567,10
0.3700,-0.0337656,0.0052233,10
0.3710,-0.0392456,0.0055551,10
0.3720,-0.0559268,0.0193430,10
0.3730,-0.0341684,0.0128185,10
0.3740,-0.0365055,0.0108631,10
0.3750,-0.0436776,0.0128924,10
0.3760,-0.0425495,0.0253016,10
0.3770,-0.0319927,0.0109154,10
0.3780,-0.0384397,0.0083440,10
0.3790,-0.0501247,0.0094465,10
0.3800,-0.0363445,0.0177123,10
0.3810,-0.0275604,0.0091254,10
0.3820,-0.0383591,0.0145502,10
0.3830,-0.0504471,0.0173801,10
0.3840,-0.0289304,0.0098764,10
0.3850,-0.0299780,0.0080647,10
0.3860,-0.0436777,0.0109810,10
0.3870,-0.0456119,0.0125862,10
0.3880,-0.0287692,0.0121337,10
0.3890,-0.0402930,0.0052065,10
0.3900,-0.0514139,0.0173121,10
0.3910,-0.0355385,0.0163607,10
0.3920,-0.0388425,0.0142684,10
0.3930,-0.0340074,0.0115293,10
0.3940,-0.0482712,0.0141049,10
0.3950,-0.0307035,0.0124742,10
0.3960,-0.0354579,0.0134420,10
0.3970,-0.0407766,0.0138278,10
0.3980,-0.0421466,0.0158322,10
0.3990,-0.0260293,0.0119814,10
0.4000,-0.0336044,0.0059978,10
0.4010,-0.0455311,0.0169361,10
0.4020,-0.0324763,0.0130223,10
0.4030,-0.0340878,0.0069595,10
0.4040,-0.0378756,0.0157525,10
0.4050,-0.0516558,0.0137337,10
0.4060,-0.0335239,0.0088572,10
0.4070,-0.0365055,0.0118507,10
0.4080,-0.0437585,0.0112479,10
0.4090,-0.0441611,0.0177337,10
0.4100,-0.0324763,0.0094287,10
0.4110,-0.0381977,0.0167739,10
0.4120,-0.0485129,0.0143659,10
0.4130,-0.0317509,0.0144024,10
0.4140,-0.0344103,0.0209612,10
0.4150,-0.0364250,0.0111323,10
0.4160,-0.0526229,0.0144128,10
0.4170,-0.0278022,0.0070112,10
0.4180,-0.0347326,0.0082608,10
0.4190,-0.0438391,0.0090251,10
0.4200,-0.0481099,0.0274503,10
0.4210,-0.0365058,0.0088407,10
0.4220,-0.0372309,0.0104294,10
0.4230,-0.0475459,0.0168726,10
0.4240,-0.0387620,0.0154704,10
0.4250,-0.0379560,0.0081023,10
0.4260,-0.0402931,0.0090307,10
0.4270,-0.0535092,0.0147829,10
0.4280,-0.0360221,0.0105360,10
0.4290,-0.0403738,0.0081524,10
0.4300,-0.0370697,0.0136145,10
0.4310,-0.0368277,0.0207994,10
0.4320,-0.0340075,0.0068346,10
0.4330,-0.0331210,0.0072680,10
0.4340,-0.0422272,0.0171215,10
0.4350,-0.0432747,0.0149389,10
0.4360,-0.0332016,0.0055001,10
0.4370,-0.0353773,0.0127774,10
0.4380,-0.0534286,0.0128389,10
0.4390,-0.0358609,0.0147081,10
0.4400,-0.0373116,0.0083093,10
0.4410,-0.0398096,0.0132738,10
0.4420,-0.0398096,0.0182900,10
0.4430,-0.0397290,0.0062833,10
0.4440,-0.0361832,0.0132230,10
0.4450,-0.0501245,0.0132436,10
0.4460,-0.0460953,0.0192616,10
0.4470,-0.0282052,0.0106093,10
0.4480,-0.0330403,0.0127048,10
0.4490,-0.0490770,0.0149131,10
0.4500,-0.0307032,0.0128760,10
0.4510,-0.0278829,0.0113397,10
0.4520,-0.0427912,0.0097507,10
0.4530,-0.0435166,0.0142090,10
0.4540,-0.0333627,0.0091801,10
0.4550,-0.0383590,0.0124233,10
0.4560,-0.0473041,0.0114368,10
0.4570,-0.0432748,0.0169868,10
0.4580,-0.0353773,0.0143946,10
0.4590,-0.0361027,0.0129742,10
0.4600,-0.0550405,0.0096944,10
0.4610,-0.0315093,0.0116551,10
0.4620,-0.0379561,0.0095171,10
0.4630,-0.0427912,0.0122929,10
0.4640,-0.0498828,0.0162469,10
0.4650,-0.0307033,0.0099524,10
0.4660,-0.0301391,0.0080028,10
0.4670,-0.0397291,0.0163972,10
0.4680,-0.0404543,0.0171282,10
0.4690,-0.0266739,0.0092396,10
0.4700,-0.0394066,0.0120140,10
0.4710,-0.0489964,0.0097070,10
0.4720,-0.0387620,0.0094495,10
0.4730,-0.0351356,0.0089174,10
0.4740,-0.0381980,0.0101683,10
0.4750,-0.0488352,0.0161585,10
0.4760,-0.0305421,0.0131851,10
0.4770,-0.0423078,0.0129119,10
0.4780,-0.0439195,0.0137851,10
0.4790,-0.0402126,0.0173530,10
0.4800,-0.0323150,0.0122313,10
0.4810,-0.0356191,0.0100753,10
0.4820,-0.0431136,0.0205694,10
0.4830,-0.0327986,0.0103011,10
0.4840,-0.0313480,0.0101382,10
0.4850,-0.0377950,0.0072227,10
0.4860,-0.0510110,0.0154381,10
0.4870,-0.0306228,0.0087300,10
0.4880,-0.0369086,0.0077012,10
0.4890,-0.0366668,0.0124752,10
0.4900,-0.0351355,0.0173480,10
0.4910,-0.0215166,0.0080632,10
0.4920,-0.0356191,0.0136189,10
0.4930,-0.0627766,0.0134128,10
0.4940,-0.0571357,0.0206240,10
0.4950,-0.0537511,0.0175796,10
0.4960,-0.0344103,0.0131594,10
0.4970,-0.0128132,0.0324684,10
0.4980,0.0011283,0.0117834,10
0.4990,-0.0174066,0.0189342,10
0.5000,-0.0581027,0.0218336,10
0.5010,-0.0934798,0.0299522,10
0.5020,-0.0771209,0.0272448,10
0.5030,-0.0485129,0.0206511,10
0.5040,-0.0112820,0.0206817,10
0.5050,0.0282857,0.0240520,10
0.5060,0.0093478,0.0225320,10
0.5070,-0.0465788,0.0241171,10
0.5080,-0.1097583,0.0197037,10
0.5090,-0.1072601,0.0300592,10
0.5100,-0.0682565,0.0303607,10
0.5110,-0.0198242,0.0224232,10
0.5120,0.0182929,0.0259945,10
0.5130,0.0308646,0.0211251,10
0.5140,-0.0174871,0.0278986,10
0.5150,-0.0909012,0.0260205,10
0.5160,-0.0988791,0.0339879,10
0.5170,-0.0683372,0.0253179,10
0.5180,-0.0358608,0.0197834,10
0.5190,-0.0073333,0.0147320,10
0.5200,0.0099119,0.0209459,10
0.5210,-0.0174068,0.0194433,10
0.5220,-0.0593920,0.0178512,10
0.5230,-0.0809084,0.0292683,10
0.5240,-0.0635825,0.0165571,10
0.5250,-0.0402125,0.0118008,10
0.5260,-0.0356997,0.0130462,10
0.5270,-0.0246594,0.0098787,10
0.5280,-0.0325570,0.0127362,10
0.5290,-0.0460953,0.0122361,10
0.5300,-0.0643883,0.0137924,10
0.5310,-0.0381172,0.0108701,10
0.5320,-0.0385202,0.0085320,10
0.5330,-0.0386815,0.0117142,10
0.5340,-0.0450477,0.0153861,10
0.5350,-0.0354580,0.0079075,10
0.5360,-0.0382786,0.0125839,10
0.5370,-0.0477876,0.0103694,10
0.5380,-0.0427913,0.0124563,10
0.5390,-0.0372308,0.0119336,10
0.5400,-0.0484323,0.0093704,10
0.5410,-0.0581028,0.0103882,10
0.5420,-0.0352966,0.0109506,10
0.5430,-0.0345714,0.0083512,10
0.5440,-0.0431137,0.0125163,10
0.5450,-0.0476266,0.0115098,10
0.5460,-0.0352162,0.0080101,10
0.5470,-0.0365057,0.0112183,10
0.5480,-0.0510110,0.0127837,10
0.5490,-0.0454505,0.0220457,10
0.5500,-0.0303003,0.0092406,10
0.5510,-0.0381172,0.0132183,10
0.5520,-0.0439195,0.0191341,10
0.5530,-0.0386813,0.0116818,10
0.5540,-0.0324762,0.0126311,10
0.5550,-0.0381979,0.0122364,10
0.5560,-0.0576193,0.0147484,10
0.5570,-0.0327986,0.0075666,10
0.5580,-0.0386008,0.0071068,10
0.5590,-0.0513335,0.0071766,10
0.5600,-0.0474652,0.0162590,10
0.5610,-0.0372308,0.0109395,10
0.5620,-0.0384397,0.0069371,10
0.5630,-0.0529452,0.0128258,10
0.5640,-0.0387620,0.0134343,10
0.5650,-0.0332015,0.0104846,10
0.5660,-0.0431137,0.0085420,10
0.5670,-0.0506887,0.0161482,10
0.5680,-0.0266741,0.0079210,10
0.5690,-0.0438388,0.0093492,10
0.5700,-0.0439197,0.0045300,10
0.5710,-0.0387618,0.0224403,10
0.5720,-0.0372308,0.0103121,10
0.5730,-0.0434360,0.0108571,10
0.5740,-0.0452089,0.0104952,10
0.5750,-0.0387620,0.0159550,10
0.5760,-0.0369892,0.0035883,10
0.5770,-0.0514947,0.0111612,10
0.5780,-0.0546375,0.0201210,10
0.5790,-0.0323150,0.0114781,10
0.5800,-0.0315093,0.0106602,10
0.5810,-0.0404542,0.0201365,10
0.5820,-0.0419049,0.0190879,10
0.5830,-0.0323150,0.0125128,10
0.5840,-0.0439194,0.0095960,10
0.5850,-0.0510916,0.0127905,10
0.5860,-0.0390037,0.0126546,10
0.5870,-0.0358609,0.0166171,10
0.5880,-0.0390038,0.0105324,10
0.5890,-0.0501246,0.0194168,10
0.5900,-0.0378755,0.0096980,10
0.5910,-0.0370696,0.0140591,10
0.5920,-0.0456925,0.0113209,10
0.5930,-0.0444835,0.0196134,10
0.5940,-0.0387619,0.0151207,10
0.5950,-0.0395679,0.0111603,10
0.5960,-0.0529452,0.0122430,10
0.5970,-0.0336850,0.0150086,10
0.5980,-0.0312675,0.0104329,10
0.5990,-0.0384396,0.0086723,10
0.6000,-0.0498023,0.0096317,10
0.6010,-0.0319927,0.0096868,10
0.6020,-0.0403737,0.0085640,10
0.6030,-0.0434358,0.0132983,10
0.6040,-0.0494800,0.0118533,10
0.6050,-0.0381173,0.0061624,10
0.6060,-0.0427914,0.0104492,10
0.6070,-0.0555239,0.0143385,10
0.6080,-0.0402126,0.0141808,10
0.6090,-0.0412602,0.0140755,10
0.6100,-0.0415825,0.0151583,10
0.6110,-0.0453701,0.0087940,10
0.6120,-0.0439195,0.0111950,10
0.6130,-0.0409378,0.0109974,10
0.6140,-0.0409378,0.0090461,10
0.6150,-0.0450478,0.0213238,10
0.6160,-0.0330404,0.0100836,10
0.6170,-0.0304616,0.0095522,10
0.6180,-0.0501247,0.0151444,10
0.6190,-0.0323956,0.0135072,10
0.6200,-0.0369890,0.0169382,10
0.6210,-0.0392455,0.0134905,10
0.6220,-0.0605203,0.0078028,10
0.6230,-0.0343298,0.0092784,10
0.6240,-0.0417438,0.0142089,10
0.6250,-0.0525421,0.0108231,10
0.6260,-0.0464178,0.0149278,10
0.6270,-0.0352968,0.0117095,10
0.6280,-0.0400513,0.0076596,10
0.6290,-0.0506082,0.0137887,10
0.6300,-0.0334432,0.0152277,10
0.6310,-0.0354580,0.0118500,10
0.6320,-0.0460148,0.0117524,10
0.6330,-0.0514946,0.0183431,10
0.6340,-0.0348133,0.0111972,10
0.6350,-0.0431942,0.0107104,10
0.6360,-0.0374726,0.0114163,10
0.6370,-0.0433554,0.0195039,10
0.6380,-0.0332014,0.0137708,10
0.6390,-0.0434361,0.0103146,10
0.6400,-0.0535899,0.0137700,10
0.6410,-0.0485936,0.0064902,10
0.6420,-0.0318317,0.0102855,10
0.6430,-0.0485936,0.0077395,10
0.6440,-0.0527839,0.0177904,10
0.6450,-0.0340075,0.0098925,10
0.6460,-0.0362638,0.0093886,10
0.6470,-0.0356998,0.0134066,10
0.6480,-0.0427107,0.0192045,10
0.6490,-0.0323956,0.0093394,10
0.6500,-0.0352161,0.0108394,10
0.6510,-0.0452895,0.0154294,10
0.6520,-0.0447252,0.0165192,10
0.6530,-0.0257071,0.0125614,10
0.6540,-0.0416631,0.0111837,10
0.6550,-0.0568132,0.0129529,10
0.6560,-0.0374727,0.0122970,10
0.6570,-0.0390038,0.0092436,10
0.6580,-0.0398096,0.0132900,10
0.6590,-0.0533482,0.0178230,10
0.6600,-0.0413407,0.0072099,10
0.6610,-0.0394066,0.0099101,10
0.6620,-0.0469013,0.0104721,10
0.6630,-0.0409378,0.0170435,10
0.6640,-0.0361831,0.0090763,10
0.6650,-0.0327180,0.0134056,10
0.6660,-0.0458535,0.0100240,10
0.6670,-0.0362637,0.0161590,10
0.6680,-0.0341685,0.0097890,10
0.6690,-0.0460147,0.0103839,10
0.6700,-0.0541538,0.0188472,10
0.6710,-0.0377143,0.0144487,10
0.6720,-0.0441613,0.0112572,10
0.6730,-0.0542346,0.0145637,10
0.6740,-0.0400513,0.0184721,10
0.6750,-0.0369892,0.0114749,10
0.6760,-0.0373115,0.0079268,10
0.6770,-0.0460953,0.0104662,10
0.6780,-0.0396484,0.0201177,10
0.6790,-0.0345715,0.0103510,10
0.6800,-0.0363444,0.0120415,10
0.6810,-0.0486740,0.0153155,10
0.6820,-0.0303810,0.0127386,10
0.6830,-0.0393260,0.0121420,10
0.6840,-0.0490771,0.0110693,10
0.6850,-0.0495605,0.0154361,10
0.6860,-0.0384397,0.0158151,10
0.6870,-0.0345714,0.0164384,10
0.6880,-0.0506082,0.0128821,10
0.6890,-0.0415018,0.0113838,10
0.6900,-0.0343297,0.0090179,10
0.6910,-0.0435970,0.0151028,10
0.6920,-0.0525423,0.0151827,10
0.6930,-0.0340880,0.0094547,10
0.6940,-0.0398096,0.0095872,10
0.6950,-0.0435971,0.0125395,10
0.6960,-0.0435971,0.0125103,10
0.6970,-0.0321539,0.0068262,10
0.6980,-0.0387620,0.0133033,10
0.6990,-0.0479487,0.0133046,10
0.7000,-0.0356191,0.0128229,10
0.7010,-0.0358609,0.0078178,10
0.7020,-0.0426300,0.0067102,10
0.7030,-0.0420660,0.0170479,10
0.7040,-0.0333627,0.0091465,10
0.7050,-0.0327986,0.0104807,10
0.7060,-0.0383591,0.0094528,10
0.7070,-0.0553626,0.0141781,10
0.7080,-0.0373114,0.0105133,10
0.7090,-0.0335238,0.0120436,10
0.7100,-0.0482712,0.0118264,10
0.7110,-0.0344103,0.0108636,10
0.7120,-0.0307034,0.0099856,10
0.7130,-0.0385203,0.0137688,10
0.7140,-0.0433554,0.0169159,10
0.7150,-0.0273186,0.0118376,10
0.7160,-0.0398095,0.0089349,10
0.7170,-0.0391649,0.0142127,10
0.7180,-0.0403736,0.0239023,10
0.7190,-0.0309450,0.0121511,10
0.7200,-0.0446447,0.0150169,10
0.7210,-0.0434359,0.0175409,10
0.7220,-0.0333626,0.0157295,10
0.7230,-0.0358609,0.0094423,10
0.7240,-0.0436777,0.0085010,10
0.7250,-0.0549600,0.0113356,10
0.7260,-0.0402931,0.0085115,10
0.7270,-0.0380366,0.0102141,10
0.7280,-0.0483518,0.0091650,10
0.7290,-0.0529452,0.0135695,10
0.7300,-0.0289303,0.0083945,10
0.7310,-0.0311867,0.0118352,10
0.7320,-0.0468206,0.0133573,10
0.7330,-0.0370696,0.0101402,10
0.7340,-0.0369085,0.0079717,10
0.7350,-0.0393261,0.0086982,10
0.7360,-0.0534288,0.0151230,10
0.7370,-0.0355385,0.0103254,10
0.7380,-0.0330404,0.0103331,10
0.7390,-0.0433555,0.0081109,10
0.7400,-0.0477876,0.0214185,10
0.7410,-0.0340879,0.0096451,10
0.7420,-0.0423883,0.0131411,10
0.7430,-0.0511723,0.0136091,10
0.7440,-0.0430331,0.0133150,10
0.7450,-0.0452090,0.0098979,10
0.7460,-0.0455311,0.0142350,10
0.7470,-0.0497216,0.0149890,10
0.7480,-0.0286081,0.0103094,10
0.7490,-0.0377144,0.0079760,10
