t_s,pad_out_recorded_mv,pad_out_smoothed_mv,surface_input_uv,chip_input_played_mv
-0.3500,-16.962,5.870,-200.987,0.001462
-0.3490,1.578,5.065,-201.396,0.006390
-0.3480,8.018,6.292,-201.543,0.020708
-0.3470,25.748,8.288,-201.387,0.042969
-0.3460,27.358,6.753,-200.897,0.070870
-0.3450,26.558,6.063,-200.050,0.101487
-0.3440,-0.042,4.068,-198.837,0.131602
-0.3430,-0.042,2.610,-197.258,0.158064
-0.3420,-16.962,1.420,-195.328,0.178138
-0.3410,16.078,2.110,-193.072,0.189809
-0.3400,16.078,3.300,-190.526,0.191988
-0.3390,-12.932,5.066,-187.738,0.189199
-0.3380,16.078,4.221,-184.760,0.186222
-0.3370,16.888,2.725,-181.655,0.183117
-0.3360,-16.152,0.001,-178.484,0.179946
-0.3350,-25.822,-2.263,-175.314,0.176775
-0.3340,-25.822,-4.220,-172.206,0.173668
-0.3330,-17.762,-3.452,-169.223,0.170685
-0.3320,0.768,-3.337,-166.419,0.167881
-0.3310,27.358,-1.725,-163.842,0.165304
-0.3300,19.308,-3.375,-161.534,0.162996
-0.3290,20.108,-5.370,-159.528,0.160990
-0.3280,-16.152,-6.253,-157.847,0.159309
-0.3270,-23.402,-8.056,-156.507,0.157969
-0.3260,-31.462,-9.169,-155.516,0.156978
-0.3250,-20.182,-7.596,-154.876,0.156338
-0.3240,-14.542,-6.368,-154.583,0.156045
-0.3230,16.078,-3.912,-154.627,0.156089
-0.3220,2.378,-3.529,-154.996,0.156458
-0.3210,16.888,-4.373,-155.677,0.157139
-0.3200,-18.572,-6.560,-156.652,0.158114
-0.3190,-25.822,-7.788,-157.906,0.159368
-0.3180,-31.462,-7.980,-159.420,0.160882
-0.3170,-21.792,-6.906,-161.178,0.162640
-0.3160,-6.482,-4.872,-163.160,0.164622
-0.3150,16.888,-2.761,-165.345,0.166807
-0.3140,-0.042,-1.764,-167.711,0.169173
-0.3130,25.748,-1.342,-170.232,0.171694
-0.3120,-9.702,-1.879,-172.877,0.174339
-0.3110,-16.962,-1.610,-175.610,0.177072
-0.3100,-18.572,-1.035,-178.391,0.179853
-0.3090,-6.482,0.654,-181.171,0.182633
-0.3080,16.078,2.649,-183.897,0.185359
-0.3070,6.408,4.913,-186.512,0.187974
-0.3060,19.308,4.721,-188.952,0.190414
-0.3050,12.858,3.838,-191.153,0.192615
-0.3040,0.768,2.572,-193.048,0.194510
-0.3030,-5.682,2.265,-194.574,0.196035
-0.3020,4.798,1.805,-195.671,0.197133
-0.3010,8.018,3.148,-196.288,0.197750
-0.3000,28.978,4.760,-196.383,0.197845
-0.2990,16.888,6.410,-195.927,0.197389
-0.2980,16.078,5.220,-194.908,0.196370
-0.2970,16.078,2.994,-193.329,0.194791
-0.2960,-25.822,1.152,-191.213,0.192675
-0.2950,-25.022,-0.690,-188.599,0.190061
-0.2940,-9.702,-1.764,-185.549,0.187011
-0.2930,-6.482,-1.457,-182.137,0.183599
-0.2920,16.078,-0.190,-178.457,0.179919
-0.2910,18.498,0.500,-174.612,0.176074
-0.2900,16.888,-0.459,-170.716,0.172178
-0.2890,16.078,-3.413,-166.887,0.168349
-0.2880,-31.462,-5.870,-163.244,0.164706
-0.2870,-30.662,-7.941,-159.903,0.161365
-0.2860,-32.272,-9.937,-156.972,0.158434
-0.2850,-19.382,-9.016,-154.545,0.156007
-0.2840,-9.702,-7.059,-152.702,0.154164
-0.2830,7.218,-5.831,-151.505,0.152967
-0.2820,20.918,-6.023,-150.992,0.152454
-0.2810,19.308,-7.250,-151.182,0.152644
-0.2800,-12.122,-7.366,-152.071,0.153533
-0.2790,-33.072,-8.172,-153.631,0.155093
-0.2780,-34.692,-8.824,-155.816,0.157278
-0.2770,-27.432,-6.330,-158.563,0.160024
-0.2760,-25.822,-3.759,-161.790,0.163252
-0.2750,-6.482,-1.226,-165.409,0.166871
-0.2740,16.078,-0.574,-169.323,0.170785
-0.2730,16.078,-0.382,-173.430,0.174892
-0.2720,-10.512,-1.227,-177.632,0.179094
-0.2710,-9.702,-1.457,-181.834,0.183295
-0.2700,16.078,-2.647,-185.948,0.187410
-0.2690,-0.042,-1.304,-189.900,0.191361
-0.2680,2.378,1.343,-193.623,0.195085
-0.2670,20.918,3.761,-197.069,0.198531
-0.2660,23.328,4.605,-200.200,0.201662
-0.2650,20.918,5.833,-202.993,0.204455
-0.2640,-5.682,5.833,-205.436,0.206897
-0.2630,-5.682,5.718,-207.528,0.208990
-0.2620,-10.512,6.562,-209.277,0.210739
-0.2610,16.078,8.672,-210.697,0.212159
-0.2600,-5.682,10.668,-211.806,0.213268
-0.2590,16.078,11.282,-212.622,0.214084
-0.2580,22.528,10.668,-213.164,0.214626
-0.2570,16.078,9.363,-213.450,0.214911
-0.2560,-9.702,7.291,-213.491,0.214953
-0.2550,-0.042,5.257,-213.299,0.214761
-0.2540,-6.482,3.990,-212.880,0.214342
-0.2530,13.658,5.027,-212.237,0.213699
-0.2520,33.808,6.101,-211.373,0.212835
-0.2510,33.808,6.715,-210.290,0.211752
-0.2500,32.198,6.101,-208.990,0.210452
-0.2490,28.978,5.449,-207.481,0.208943
-0.2480,-12.932,3.607,-205.774,0.207236
-0.2470,-25.022,1.803,-203.887,0.205349
-0.2460,-22.602,1.113,-201.845,0.203307
-0.2450,-19.382,2.494,-199.683,0.201145
-0.2440,-5.682,3.416,-197.443,0.198905
-0.2430,16.078,4.682,-195.172,0.196634
-0.2420,16.888,3.800,-192.928,0.194390
-0.2410,2.378,1.459,-190.768,0.192230
-0.2400,3.188,-1.343,-188.755,0.190217
-0.2390,-19.382,-3.492,-186.947,0.188409
-0.2380,-22.602,-5.104,-185.402,0.186864
-0.2370,-15.352,-3.646,-184.167,0.185629
-0.2360,1.578,-1.535,-183.282,0.184744
-0.2350,19.308,0.307,-182.775,0.184237
-0.2340,19.308,0.921,-182.657,0.184119
-0.2330,20.108,0.154,-182.927,0.184389
-0.2320,-4.872,-1.073,-183.566,0.185028
-0.2310,-15.352,-2.532,-184.541,0.186002
-0.2300,-25.022,-2.954,-185.804,0.187266
-0.2290,-12.932,-2.340,-187.298,0.188760
-0.2280,-4.872,-1.073,-188.954,0.190416
-0.2270,17.688,1.498,-190.699,0.192161
-0.2260,19.308,3.417,-192.458,0.193920
-0.2250,16.078,3.186,-194.158,0.195620
-0.2240,-6.482,1.805,-195.732,0.197194
-0.2230,-21.792,-0.191,-197.123,0.198585
-0.2220,-9.702,-2.071,-198.287,0.199749
-0.2210,-13.742,-1.496,-199.193,0.200655
-0.2200,-6.482,0.653,-199.828,0.201290
-0.2190,16.078,2.841,-200.193,0.201655
-0.2180,7.218,4.414,-200.308,0.201770
-0.2170,31.388,4.030,-200.204,0.201666
-0.2160,24.948,2.265,-199.927,0.201389
-0.2150,-3.262,0.423,-199.529,0.200991
-0.2140,-9.702,-0.997,-199.066,0.200528
-0.2130,-22.602,-0.690,-198.597,0.200059
-0.2120,-19.382,1.151,-198.174,0.199636
-0.2110,7.218,1.727,-197.843,0.199305
-0.2100,29.778,3.761,-197.637,0.199099
-0.2090,20.918,3.608,-197.576,0.199038
-0.2080,20.108,2.303,-197.661,0.199123
-0.2070,-12.932,1.343,-197.877,0.199339
-0.2060,-19.382,0.614,-198.193,0.199655
-0.2050,-19.382,-0.384,-198.559,0.200021
-0.2040,-13.742,0.691,-198.916,0.200377
-0.2030,-0.042,1.919,-199.190,0.200652
-0.2020,16.888,3.760,-199.307,0.200769
-0.2010,2.378,3.607,-199.190,0.200652
-0.2000,28.978,1.727,-198.765,0.200227
-0.1990,-9.702,-1.228,-197.972,0.199434
-0.1980,-11.322,-3.569,-196.762,0.198224
-0.1970,-12.932,-4.835,-195.107,0.196569
-0.1960,16.078,-3.454,-193.000,0.194462
-0.1950,3.988,-1.611,-190.459,0.191921
-0.1940,19.308,0.077,-187.524,0.188986
-0.1930,16.078,-0.805,-184.264,0.185726
-0.1920,16.078,-2.493,-180.764,0.182226
-0.1910,-22.602,-4.988,-177.134,0.178595
-0.1900,-32.272,-6.791,-173.492,0.174953
-0.1890,-32.272,-8.787,-169.968,0.171429
-0.1880,-28.242,-8.825,-166.693,0.168155
-0.1870,-6.482,-7.520,-163.795,0.165257
-0.1860,16.078,-6.062,-161.390,0.162852
-0.1850,19.308,-8.020,-159.579,0.161041
-0.1840,16.078,-8.940,-158.438,0.159900
-0.1830,-32.272,-10.821,-158.020,0.159482
-0.1820,-35.492,-10.821,-158.347,0.159809
-0.1810,-35.492,-12.087,-159.411,0.160873
-0.1800,-35.492,-10.283,-161.172,0.162634
-0.1790,-12.932,-6.753,-163.564,0.165026
-0.1780,-10.512,-3.990,-166.493,0.167955
-0.1770,16.078,-2.916,-169.844,0.171306
-0.1760,17.688,-3.069,-173.488,0.174950
-0.1750,-25.022,-4.374,-177.286,0.178748
-0.1740,-15.352,-5.295,-181.097,0.182559
-0.1730,-20.182,-5.141,-184.785,0.186247
-0.1720,16.078,-2.839,-188.226,0.189688
-0.1710,-10.512,-0.307,-191.312,0.192774
-0.1700,15.278,0.729,-193.959,0.195421
-0.1690,41.868,0.882,-196.108,0.197570
-0.1680,25.748,0.153,-197.729,0.199191
-0.1670,-5.682,-0.422,-198.819,0.200281
-0.1660,-9.702,-2.264,-199.404,0.200866
-0.1650,-11.322,-2.801,-199.536,0.200998
-0.1640,-0.042,0.844,-199.287,0.200749
-0.1630,19.308,3.070,-198.745,0.200207
-0.1620,16.078,5.257,-198.010,0.199472
-0.1610,17.688,3.914,-197.186,0.198648
-0.1600,-13.742,3.377,-196.375,0.197837
-0.1590,-32.272,1.727,-195.670,0.197132
-0.1580,-28.242,-0.844,-195.151,0.196613
-0.1570,-22.602,-1.305,-194.881,0.196343
-0.1560,-22.602,-0.269,-194.901,0.196363
-0.1550,6.408,0.998,-195.229,0.196690
-0.1540,51.538,0.691,-195.859,0.197321
-0.1530,31.388,0.116,-196.765,0.198227
-0.1520,25.748,-0.345,-197.897,0.199359
-0.1510,-12.122,-0.345,-199.193,0.200655
-0.1500,-21.792,-1.688,-200.575,0.202037
-0.1490,-19.382,-0.268,-201.962,0.203424
-0.1480,-12.122,2.073,-203.269,0.204731
-0.1470,16.078,4.183,-204.418,0.205880
-0.1460,16.078,4.337,-205.340,0.206802
-0.1450,16.888,4.183,-205.979,0.207441
-0.1440,-17.762,2.687,-206.298,0.207760
-0.1430,-12.122,-0.652,-206.280,0.207742
-0.1420,9.628,-1.995,-205.929,0.207391
-0.1410,16.078,-2.570,-205.268,0.206730
-0.1400,-10.512,-0.422,-204.342,0.205804
-0.1390,16.078,2.187,-203.210,0.204672
-0.1380,16.888,4.183,-201.942,0.203404
-0.1370,16.078,4.298,-200.619,0.202081
-0.1360,-19.382,1.996,-199.320,0.200781
-0.1350,-25.822,-0.230,-198.123,0.199585
-0.1340,-25.022,-1.611,-197.099,0.198561
-0.1330,-18.572,0.000,-196.304,0.197766
-0.1320,3.188,1.343,-195.779,0.197241
-0.1310,13.658,1.266,-195.547,0.197009
-0.1300,32.998,1.305,-195.609,0.197071
-0.1290,32.998,0.882,-195.946,0.197408
-0.1280,22.528,-1.075,-196.521,0.197983
-0.1270,-9.702,-3.109,-197.280,0.198742
-0.1260,-32.272,-4.605,-198.156,0.199618
-0.1250,-30.662,-3.684,-199.073,0.200535
-0.1240,-12.122,-1.535,-199.953,0.201415
-0.1230,16.078,0.576,-200.718,0.202179
-0.1220,16.078,2.110,-201.297,0.202759
-0.1210,8.018,2.110,-201.633,0.203095
-0.1200,16.888,0.998,-201.681,0.203143
-0.1190,-19.382,-1.381,-201.416,0.202878
-0.1180,-25.022,-3.223,-200.833,0.202295
-0.1170,-25.822,-3.223,-199.948,0.201410
-0.1160,-15.352,-1.919,-198.796,0.200258
-0.1150,-0.042,0.384,-197.430,0.198892
-0.1140,19.308,2.610,-195.918,0.197380
-0.1130,19.308,1.995,-194.337,0.195799
-0.1120,13.658,-0.269,-192.772,0.194234
-0.1110,3.188,-2.571,-191.305,0.192767
-0.1100,-9.702,-4.490,-190.015,0.191477
-0.1090,-16.962,-6.217,-188.971,0.190433
-0.1080,-5.682,-5.180,-188.228,0.189690
-0.1070,22.528,-3.223,-187.825,0.189286
-0.1060,17.688,-1.036,-187.779,0.189241
-0.1050,16.078,-0.844,-188.089,0.189551
-0.1040,16.078,-1.458,-188.734,0.190196
-0.1030,-25.022,-2.993,-189.675,0.191137
-0.1020,-31.462,-4.183,-190.857,0.192319
-0.1010,-32.272,-3.684,-192.214,0.193676
-0.1000,-32.272,-2.610,-193.674,0.195136
-0.0990,-19.382,-1.498,-195.164,0.196626
-0.0980,2.378,0.306,-196.613,0.198075
-0.0970,16.078,1.650,-197.961,0.199422
-0.0960,20.108,-0.308,-199.157,0.200619
-0.0950,-11.322,-2.380,-200.170,0.201632
-0.0940,-12.932,-4.298,-200.985,0.202447
-0.0930,-12.932,-5.526,-201.607,0.203069
-0.0920,-5.682,-4.298,-202.060,0.203522
-0.0910,24.138,-2.034,-202.385,0.203847
-0.0900,25.748,0.883,-202.637,0.204098
-0.0890,13.658,2.725,-202.880,0.204341
-0.0880,20.918,3.339,-203.184,0.204646
-0.0870,22.528,2.495,-203.620,0.205082
-0.0860,-18.572,1.574,-204.251,0.205713
-0.0850,-25.822,0.308,-205.131,0.206593
-0.0840,-24.212,1.920,-206.296,0.207758
-0.0830,-9.702,3.186,-207.765,0.209227
-0.0820,0.768,5.373,-209.534,0.210996
-0.0810,16.078,6.946,-211.578,0.213039
-0.0800,28.978,5.296,-213.846,0.215308
-0.0790,6.408,3.608,-216.271,0.217733
-0.0780,-6.482,1.843,-218.765,0.220227
-0.0770,-15.352,0.884,-221.231,0.222693
-0.0760,-3.262,0.577,-223.563,0.225025
-0.0750,-6.482,2.073,-225.653,0.227115
-0.0740,22.528,4.683,-227.401,0.228863
-0.0730,13.658,7.062,-228.717,0.230179
-0.0720,32.998,8.290,-229.527,0.230989
-0.0710,27.358,7.292,-229.780,0.231242
-0.0700,-10.512,4.990,-229.447,0.230909
-0.0690,-9.702,2.150,-228.527,0.229989
-0.0680,-23.402,0.999,-227.043,0.228505
-0.0670,0.768,2.073,-225.044,0.226505
-0.0660,16.078,3.646,-222.595,0.224057
-0.0650,12.858,4.644,-219.781,0.221243
-0.0640,28.978,4.490,-216.694,0.218155
-0.0630,25.748,3.570,-213.427,0.214889
-0.0620,16.078,2.342,-210.071,0.211533
-0.0610,-20.182,0.116,-206.705,0.208167
-0.0600,-32.272,-2.071,-203.389,0.204851
-0.0590,-30.662,-2.032,-200.161,0.201623
-0.0580,-17.762,-1.572,-197.036,0.198498
-0.0570,16.078,0.807,-193.997,0.195459
-0.0560,17.688,1.728,-191.004,0.192466
-0.0550,17.688,-0.575,-187.994,0.189456
-0.0540,-9.702,-3.952,-184.883,0.186345
-0.0530,3.188,-8.403,-181.578,0.183040
-0.0520,-12.122,-12.394,-177.981,0.179443
-0.0510,-13.742,-15.925,-174.002,0.175463
-0.0500,-18.572,-16.654,-169.565,0.171027
-0.0490,-9.702,-15.579,-164.623,0.166085
-0.0480,-0.042,-14.735,-159.162,0.160624
-0.0470,26.558,-14.965,-153.211,0.154673
-0.0460,20.108,-17.421,-146.847,0.148309
-0.0450,-32.272,-19.915,-140.195,0.141657
-0.0440,-58.062,-22.448,-133.431,0.134893
-0.0430,-64.502,-22.870,-126.777,0.128239
-0.0420,-58.062,-22.985,-120.490,0.121952
-0.0410,-58.062,-21.489,-114.857,0.116319
-0.0400,-35.492,-20.069,-110.178,0.111640
-0.0390,-9.702,-20.069,-106.752,0.108213
-0.0380,-12.932,-20.760,-104.854,0.106316
-0.0370,-22.602,-21.680,-104.725,0.106187
-0.0360,-35.492,-23.830,-106.547,0.108009
-0.0350,-34.692,-24.712,-110.426,0.111888
-0.0340,-35.492,-21.795,-116.377,0.117839
-0.0330,-18.572,-17.804,-124.314,0.125776
-0.0320,0.768,-14.773,-134.036,0.135498
-0.0310,19.308,-11.856,-145.225,0.146687
-0.0300,16.078,-9.285,-157.447,0.158908
-0.0290,-18.572,-7.520,-170.155,0.171617
-0.0280,-24.212,-6.676,-182.704,0.184166
-0.0270,-19.382,-5.140,-194.364,0.195826
-0.0260,-18.572,-3.299,-204.342,0.205804
-0.0250,1.578,-0.843,-211.808,0.213270
-0.0240,28.978,0.539,-215.920,0.217382
-0.0230,25.748,2.265,-215.860,0.217322
-0.0220,-0.842,3.915,-210.859,0.212321
-0.0210,3.188,2.342,-200.235,0.201697
-0.0200,-4.062,-2.493,-183.416,0.184877
-0.0190,1.578,-9.708,-159.970,0.161432
-0.0180,8.018,-17.306,-129.630,0.131092
-0.0170,19.308,-27.629,-92.308,0.093770
-0.0160,16.078,-37.874,-48.110,0.049572
-0.0150,16.078,-49.885,2.660,-0.001198
-0.0140,-5.682,-63.930,59.496,-0.058034
-0.0130,0.768,-81.084,121.706,-0.120244
-0.0120,16.078,-99.350,188.414,-0.186952
-0.0110,-32.272,-116.120,258.591,-0.257129
-0.0100,-82.232,-134.156,331.072,-0.329610
-0.0090,-135.422,-152.345,404.590,-0.403128
-0.0080,-178.132,-170.803,477.808,-0.476346
-0.0070,-240.992,-188.993,549.353,-0.547891
-0.0060,-234.542,-207.068,617.855,-0.616393
-0.0050,-270.802,-223.070,681.981,-0.680519
-0.0040,-293.372,-236.961,740.472,-0.739011
-0.0030,-331.242,-248.358,792.177,-0.790715
-0.0020,-357.842,-258.758,836.078,-0.834617
-0.0010,-353.002,-267.737,871.322,-0.869860
0.0000,-375.572,-273.723,897.237,-0.895775
0.0010,-386.042,-275.872,913.349,-0.911887
0.0020,-386.042,-273.877,919.395,-0.917933
0.0030,-373.962,-267.891,915.325,-0.913863
0.0040,-360.262,-258.642,901.302,-0.899840
0.0050,-319.962,-248.435,877.698,-0.876236
0.0060,-275.642,-236.001,845.082,-0.843620
0.0070,-245.022,-222.340,804.208,-0.802746
0.0080,-217.622,-207.067,755.993,-0.754531
0.0090,-172.492,-189.223,701.499,-0.700037
0.0100,-157.982,-172.070,641.909,-0.640447
0.0110,-127.362,-153.228,578.498,-0.577036
0.0120,-93.522,-134.079,512.612,-0.511150
0.0130,-52.422,-116.120,445.632,-0.444171
0.0140,-46.772,-98.160,378.956,-0.377494
0.0150,-20.182,-80.815,313.960,-0.312498
0.0160,-9.702,-64.660,251.980,-0.250519
0.0170,-6.482,-50.730,194.283,-0.192822
0.0180,-10.512,-39.562,142.040,-0.140578
0.0190,16.888,-28.357,96.305,-0.094843
0.0200,7.218,-19.838,57.993,-0.056531
0.0210,20.108,-11.319,27.865,-0.026404
0.0220,16.078,-4.450,6.509,-0.005047
0.0230,-8.902,0.155,-5.673,0.007135
0.0240,3.188,3.417,-8.472,0.009933
0.0250,3.988,4.760,-1.874,0.003336
0.0260,19.308,4.798,13.931,-0.012469
0.0270,16.888,0.154,38.560,-0.037098
0.0280,-10.512,-9.248,71.438,-0.069977
0.0290,17.688,-20.683,111.819,-0.110357
0.0300,6.408,-35.918,158.792,-0.157330
0.0310,20.918,-51.805,211.310,-0.209848
0.0320,16.888,-68.959,268.212,-0.266750
0.0330,3.188,-85.920,328.249,-0.326787
0.0340,16.078,-101.692,390.121,-0.388659
0.0350,-18.572,-117.119,452.502,-0.451040
0.0360,-19.382,-131.087,514.080,-0.512618
0.0370,-107.222,-144.825,573.589,-0.572127
0.0380,-203.922,-157.143,629.842,-0.628380
0.0390,-250.662,-167.043,681.761,-0.680299
0.0400,-303.042,-176.560,728.408,-0.726946
0.0410,-326.412,-184.849,769.004,-0.767542
0.0420,-340.112,-192.140,802.951,-0.801489
0.0430,-340.112,-198.472,829.845,-0.828383
0.0440,-340.112,-202.770,849.478,-0.848016
0.0450,-320.772,-207.529,861.843,-0.860381
0.0460,-289.342,-210.291,867.126,-0.865664
0.0470,-269.192,-212.747,865.688,-0.864226
0.0480,-241.792,-210.675,858.053,-0.856591
0.0490,-218.422,-203.729,844.877,-0.843415
0.0500,-182.162,-194.135,826.926,-0.825464
0.0510,-167.652,-183.352,805.037,-0.803576
0.0520,-132.202,-173.298,780.092,-0.778630
0.0530,-116.082,-162.937,752.977,-0.751515
0.0540,-87.072,-152.460,724.555,-0.723093
0.0550,-83.852,-142.330,695.636,-0.694174
0.0560,-76.592,-132.237,666.944,-0.665482
0.0570,-70.952,-123.526,639.102,-0.637640
0.0580,-63.702,-114.623,612.614,-0.611152
0.0590,-58.062,-106.028,587.852,-0.586390
0.0600,-49.192,-98.698,565.055,-0.563594
0.0610,-76.592,-93.057,544.333,-0.542871
0.0620,-115.272,-88.337,525.671,-0.524209
0.0630,-122.532,-84.192,508.949,-0.507487
0.0640,-120.112,-81.084,493.956,-0.492494
0.0650,-127.362,-79.319,480.416,-0.478954
0.0660,-108.832,-76.939,468.012,-0.466550
0.0670,-106.412,-74.215,456.407,-0.454945
0.0680,-82.232,-71.375,445.277,-0.443815
0.0690,-61.282,-68.842,434.326,-0.432864
0.0700,-64.502,-65.312,423.313,-0.421851
0.0710,-63.702,-62.933,412.062,-0.410600
0.0720,-68.532,-58.481,400.479,-0.399017
0.0730,-45.162,-53.186,388.553,-0.387091
0.0740,-50.802,-47.314,376.359,-0.374897
0.0750,-50.002,-41.213,364.051,-0.362589
0.0760,-33.882,-34.190,351.855,-0.350393
0.0770,-19.382,-28.242,340.050,-0.338588
0.0780,-11.322,-23.637,328.951,-0.327489
0.0790,-10.512,-20.798,318.890,-0.317428
0.0800,16.078,-19.416,310.190,-0.308729
0.0810,0.768,-17.958,303.149,-0.301687
0.0820,16.888,-16.270,298.011,-0.296550
0.0830,-4.062,-16.078,294.956,-0.293494
0.0840,0.768,-18.073,294.079,-0.292618
0.0850,8.018,-21.374,295.384,-0.293922
0.0860,20.108,-23.983,298.776,-0.297314
0.0870,16.078,-26.363,304.064,-0.302602
0.0880,-9.702,-29.126,310.962,-0.309500
0.0890,-22.602,-31.927,319.107,-0.317645
0.0900,-32.272,-33.117,328.066,-0.326604
0.0910,-33.882,-35.074,337.360,-0.335899
0.0920,-28.242,-35.650,346.488,-0.345026
0.0930,-64.502,-37.261,354.942,-0.353480
0.0940,-87.072,-36.916,362.241,-0.360779
0.0950,-120.112,-36.302,367.945,-0.366483
0.0960,-104.802,-35.304,371.683,-0.370221
0.0970,-83.852,-35.074,373.165,-0.371703
0.0980,-77.402,-35.074,372.199,-0.370737
0.0990,-70.152,-34.422,368.699,-0.367237
0.1000,-35.492,-32.580,362.687,-0.361225
0.1010,-25.022,-30.700,354.293,-0.352832
0.1020,-11.322,-28.282,343.749,-0.342287
0.1030,-16.962,-26.056,331.371,-0.329909
0.1040,3.188,-23.101,317.551,-0.316089
0.1050,13.658,-18.957,302.732,-0.301270
0.1060,28.978,-12.280,287.390,-0.285928
0.1070,24.948,-6.524,272.007,-0.270545
0.1080,16.078,-1.765,257.053,-0.255591
0.1090,3.988,0.806,242.962,-0.241500
0.1100,16.078,3.838,230.115,-0.228653
0.1110,7.218,6.294,218.820,-0.217358
0.1120,16.888,8.251,209.306,-0.207844
0.1130,18.498,8.827,201.711,-0.200249
0.1140,-2.452,10.400,196.084,-0.194622
0.1150,-0.042,11.014,192.381,-0.190919
0.1160,20.108,11.129,190.478,-0.189016
0.1170,16.078,9.440,190.178,-0.188716
0.1180,16.078,8.328,191.225,-0.189763
0.1190,-23.402,8.328,193.323,-0.191861
0.1200,-6.482,8.290,196.150,-0.194689
0.1210,16.078,7.522,199.381,-0.197919
0.1220,16.078,7.522,202.699,-0.201237
0.1230,0.768,7.483,205.817,-0.204355
0.1240,16.078,6.294,208.490,-0.207028
0.1250,16.078,7.176,210.524,-0.209062
0.1260,16.078,7.944,211.783,-0.210321
0.1270,-6.482,7.100,212.196,-0.210735
0.1280,1.578,7.253,211.753,-0.210291
0.1290,16.078,7.253,210.501,-0.209039
0.1300,3.188,9.210,208.537,-0.207075
0.1310,-0.042,9.248,206.002,-0.204540
0.1320,7.218,9.555,203.061,-0.201599
0.1330,16.078,9.555,199.897,-0.198435
0.1340,-6.482,9.018,196.696,-0.195234
0.1350,16.078,9.018,193.631,-0.192169
0.1360,16.078,8.212,190.855,-0.189393
0.1370,2.378,8.289,188.488,-0.187027
0.1380,19.308,8.596,186.614,-0.185152
0.1390,16.078,9.286,185.272,-0.183810
0.1400,17.688,9.286,184.460,-0.182998
0.1410,-5.682,9.324,184.134,-0.182673
0.1420,22.528,10.092,184.215,-0.182753
0.1430,16.078,9.286,184.595,-0.183133
0.1440,-10.512,8.826,185.146,-0.183685
0.1450,16.078,10.054,185.734,-0.184272
0.1460,-0.842,9.632,186.224,-0.184762
0.1470,17.688,10.169,186.498,-0.185036
0.1480,-0.042,10.706,186.458,-0.184996
0.1490,16.078,10.706,186.040,-0.184578
0.1500,16.078,10.591,185.216,-0.183754
0.1510,3.988,10.975,183.999,-0.182537
0.1520,16.078,12.165,182.444,-0.180982
0.1530,-9.702,11.397,180.647,-0.179185
0.1540,6.408,11.820,178.735,-0.177274
0.1550,19.308,13.240,176.867,-0.175405
0.1560,7.218,12.510,175.214,-0.173752
0.1570,27.358,13.316,173.959,-0.172497
0.1580,13.658,12.510,173.277,-0.171815
0.1590,19.308,13.278,173.327,-0.171865
0.1600,13.658,11.667,174.239,-0.172778
0.1610,25.748,9.787,176.109,-0.174648
0.1620,19.308,8.367,178.985,-0.177523
0.1630,6.408,5.911,182.864,-0.181402
0.1640,24.948,5.029,187.691,-0.186229
0.1650,19.308,3.494,193.358,-0.191896
0.1660,0.768,1.690,199.708,-0.198246
0.1670,16.078,0.423,206.541,-0.205079
0.1680,0.768,-1.764,213.623,-0.212161
0.1690,16.078,-2.876,220.697,-0.219235
0.1700,-17.762,-4.258,227.495,-0.226033
0.1710,-23.402,-5.217,233.751,-0.232289
0.1720,-25.822,-6.368,239.215,-0.237754
0.1730,-35.492,-6.368,243.666,-0.242204
0.1740,-28.242,-6.521,246.919,-0.245457
0.1750,-25.822,-6.828,248.839,-0.247377
0.1760,-18.572,-7.711,249.348,-0.247886
0.1770,-19.382,-6.905,248.422,-0.246960
0.1780,-18.572,-7.519,246.101,-0.244639
0.1790,-9.702,-6.713,242.479,-0.241017
0.1800,-9.702,-6.253,237.706,-0.236244
0.1810,-6.482,-4.603,231.972,-0.230511
0.1820,1.578,-3.452,225.507,-0.224045
0.1830,19.308,-1.457,218.559,-0.217097
0.1840,3.188,0.231,211.391,-0.209929
0.1850,18.498,2.419,204.261,-0.202799
0.1860,0.768,4.414,197.416,-0.195955
0.1870,17.688,5.373,191.076,-0.189614
0.1880,3.188,6.678,185.423,-0.183962
0.1890,17.688,8.328,180.601,-0.179140
0.1900,25.748,9.594,176.703,-0.175241
0.1910,16.888,9.594,173.772,-0.172310
0.1920,0.768,10.669,171.801,-0.170339
0.1930,16.078,10.131,170.734,-0.169273
0.1940,-0.042,9.978,170.476,-0.169015
0.1950,17.688,9.517,170.895,-0.169433
0.1960,16.078,9.402,171.832,-0.170370
0.1970,1.578,9.479,173.113,-0.171651
0.1980,8.018,9.556,174.558,-0.173096
0.1990,16.078,9.709,175.992,-0.174530
0.2000,16.888,9.863,177.252,-0.175790
0.2010,-9.702,8.712,178.199,-0.176737
0.2020,16.078,8.098,178.721,-0.177259
0.2030,-9.702,9.019,178.741,-0.177279
0.2040,16.078,9.172,178.217,-0.176755
0.2050,-6.482,9.250,177.143,-0.175681
0.2060,16.078,9.327,175.550,-0.174088
0.2070,2.378,9.365,173.498,-0.172037
0.2080,19.308,9.327,171.075,-0.169614
0.2090,6.408,9.864,168.388,-0.166926
0.2100,20.918,9.135,165.554,-0.164092
0.2110,1.578,8.636,162.697,-0.161235
0.2120,3.988,10.440,159.938,-0.158477
0.2130,20.108,10.440,157.388,-0.155926
0.2140,19.308,12.128,155.139,-0.153677
0.2150,1.578,11.514,153.267,-0.151805
0.2160,19.308,12.473,151.820,-0.150358
0.2170,16.888,12.703,150.821,-0.149359
0.2180,0.768,12.934,150.270,-0.148808
0.2190,19.308,12.934,150.140,-0.148678
0.2200,0.768,12.934,150.383,-0.148921
0.2210,6.408,12.780,150.935,-0.149473
0.2220,28.168,12.857,151.721,-0.150259
0.2230,16.078,12.166,152.658,-0.151196
0.2240,25.748,11.974,153.662,-0.152201
0.2250,3.188,10.554,154.656,-0.153194
0.2260,13.658,11.552,155.570,-0.154108
0.2270,20.918,10.132,156.347,-0.154885
0.2280,7.218,10.784,156.949,-0.155487
0.2290,19.308,11.552,157.352,-0.155891
0.2300,6.408,10.630,157.554,-0.156092
0.2310,17.688,10.822,157.568,-0.156106
0.2320,3.188,11.283,157.421,-0.155959
0.2330,-10.512,9.748,157.154,-0.155692
0.2340,16.078,9.748,156.817,-0.155355
0.2350,-10.512,8.367,156.462,-0.155000
0.2360,22.528,7.944,156.142,-0.154680
0.2370,-10.512,7.330,155.906,-0.154444
0.2380,30.588,7.254,155.795,-0.154333
0.2390,16.888,7.676,155.838,-0.154376
0.2400,-0.042,6.985,156.053,-0.154591
0.2410,4.798,7.445,156.441,-0.154979
0.2420,16.078,6.601,156.989,-0.155527
0.2430,-4.062,6.639,157.673,-0.156211
0.2440,16.078,7.905,158.455,-0.156993
0.2450,-3.262,7.215,159.288,-0.157826
0.2460,-5.682,8.711,160.121,-0.158659
0.2470,0.768,8.443,160.898,-0.159436
0.2480,19.308,8.443,161.569,-0.160107
0.2490,16.078,7.752,162.086,-0.160624
0.2500,4.798,7.100,162.411,-0.160949
0.2510,16.078,6.870,162.517,-0.161055
0.2520,-0.042,6.140,162.389,-0.160927
0.2530,3.988,5.450,162.028,-0.160566
0.2540,16.078,6.409,161.448,-0.159986
0.2550,1.578,6.409,160.675,-0.159213
0.2560,20.918,6.064,159.747,-0.158285
0.2570,16.888,7.100,158.711,-0.157249
0.2580,-10.512,6.563,157.618,-0.156156
0.2590,16.078,5.373,156.522,-0.155060
0.2600,3.188,5.258,155.474,-0.154012
0.2610,-4.872,6.716,154.522,-0.153060
0.2620,-10.512,6.716,153.704,-0.152243
0.2630,1.578,7.483,153.048,-0.151586
0.2640,16.078,7.445,152.570,-0.151108
0.2650,16.078,6.831,152.270,-0.150809
0.2660,-10.512,7.522,152.140,-0.150678
0.2670,16.078,6.294,152.155,-0.150693
0.2680,-10.512,6.255,152.281,-0.150819
0.2690,-5.682,6.447,152.477,-0.151015
0.2700,13.658,6.447,152.696,-0.151234
0.2710,35.418,5.680,152.891,-0.151429
0.2720,16.078,5.910,153.014,-0.151552
0.2730,16.078,7.176,153.026,-0.151564
0.2740,3.188,7.252,152.894,-0.151433
0.2750,3.188,7.252,152.598,-0.151136
0.2760,16.078,7.560,152.127,-0.150665
0.2770,-4.872,7.560,151.488,-0.150026
0.2780,16.078,7.598,150.699,-0.149237
0.2790,-6.482,7.598,149.791,-0.148329
0.2800,16.078,8.174,148.806,-0.147345
0.2810,-12.932,8.443,147.796,-0.146334
0.2820,-0.042,7.522,146.815,-0.145353
0.2830,16.078,6.256,145.921,-0.144459
0.2840,3.188,6.256,145.168,-0.143706
0.2850,16.078,5.872,144.607,-0.143145
0.2860,22.528,6.524,144.278,-0.142816
0.2870,-10.512,5.795,144.209,-0.142747
0.2880,16.888,6.332,144.415,-0.142953
0.2890,-10.512,6.332,144.895,-0.143433
0.2900,6.408,5.872,145.633,-0.144171
0.2910,19.308,4.798,146.597,-0.145135
0.2920,16.078,6.179,147.743,-0.146281
0.2930,-10.512,5.642,149.016,-0.147554
0.2940,16.078,4.644,150.351,-0.148889
0.2950,-4.872,5.258,151.680,-0.150218
0.2960,16.888,5.258,152.935,-0.151473
0.2970,0.768,4.069,154.051,-0.152589
0.2980,6.408,4.069,154.970,-0.153509
0.2990,16.078,4.030,155.645,-0.154183
0.3000,-16.152,5.296,156.041,-0.154579
0.3010,-6.482,4.490,156.140,-0.154678
0.3020,16.078,4.337,155.938,-0.154476
0.3030,-11.322,3.109,155.449,-0.153987
0.3040,-4.872,3.301,154.701,-0.153239
0.3050,16.078,2.572,153.736,-0.152274
0.3060,16.078,3.646,152.608,-0.151146
0.3070,-2.452,2.955,151.377,-0.149915
0.3080,-10.512,3.723,150.106,-0.148644
0.3090,16.078,4.183,148.861,-0.147399
0.3100,16.078,3.147,147.702,-0.146240
0.3110,-10.512,3.953,146.682,-0.145221
0.3120,16.078,5.334,145.844,-0.144382
0.3130,-9.702,4.375,145.217,-0.143755
0.3140,-6.482,5.680,144.815,-0.143353
0.3150,0.768,4.798,144.637,-0.143175
0.3160,17.688,4.798,144.668,-0.143206
0.3170,2.378,4.798,144.876,-0.143414
0.3180,16.888,4.567,145.218,-0.143756
0.3190,16.078,4.567,145.642,-0.144180
0.3200,-5.682,3.301,146.089,-0.144627
0.3210,0.768,3.455,146.496,-0.145034
0.3220,22.528,4.260,146.802,-0.145340
0.3230,-4.062,4.260,146.950,-0.145488
0.3240,16.078,5.488,146.891,-0.145429
0.3250,-23.402,5.488,146.585,-0.145123
0.3260,16.078,5.450,146.008,-0.144546
0.3270,16.078,5.373,145.146,-0.143684
0.3280,-7.292,5.296,144.002,-0.142540
0.3290,-10.512,4.797,142.594,-0.141132
0.3300,-10.512,4.797,140.950,-0.139488
0.3310,19.308,4.759,139.112,-0.137650
0.3320,6.408,5.066,137.129,-0.135667
0.3330,16.078,4.644,135.057,-0.133595
0.3340,16.078,6.294,132.952,-0.131490
0.3350,-6.482,6.370,130.871,-0.129409
0.3360,-0.042,8.250,128.867,-0.127405
0.3370,16.078,7.560,126.984,-0.125522
0.3380,0.768,7.560,125.259,-0.123797
0.3390,6.408,7.407,123.717,-0.122255
0.3400,16.078,8.711,122.369,-0.120907
0.3410,-6.482,9.210,121.217,-0.119756
0.3420,7.218,9.747,120.250,-0.118789
0.3430,13.658,9.747,119.447,-0.117985
0.3440,30.588,9.095,118.776,-0.117314
0.3450,17.688,9.287,118.202,-0.116740
0.3460,16.078,10.361,117.685,-0.116223
0.3470,1.578,11.205,117.186,-0.115724
0.3480,16.078,10.208,116.666,-0.115204
0.3490,-10.512,10.169,116.092,-0.114630
0.3500,16.888,10.706,115.438,-0.113976
0.3510,-0.042,9.440,114.686,-0.113224
0.3520,30.588,9.747,113.831,-0.112369
0.3530,6.408,10.322,112.874,-0.111412
0.3540,2.378,10.016,111.829,-0.110367
0.3550,20.108,9.210,110.720,-0.109258
0.3560,16.078,9.900,109.575,-0.108113
0.3570,17.688,10.246,108.433,-0.106971
0.3580,-4.872,11.090,107.332,-0.105870
0.3590,-0.042,10.016,106.314,-0.104852
0.3600,17.688,11.589,105.418,-0.103956
0.3610,-10.512,11.550,104.680,-0.103218
0.3620,-0.042,11.244,104.129,-0.102667
0.3630,19.308,9.479,103.787,-0.102325
0.3640,7.218,10.170,103.664,-0.102202
0.3650,13.658,10.131,103.764,-0.102302
0.3660,32.198,10.400,104.077,-0.102615
0.3670,23.328,10.400,104.586,-0.103124
0.3680,19.308,9.556,105.263,-0.103801
0.3690,-6.482,9.287,106.075,-0.104613
0.3700,22.528,9.441,106.980,-0.105519
0.3710,16.078,9.364,107.937,-0.106475
0.3720,-6.482,9.633,108.899,-0.107437
0.3730,-6.482,9.518,109.824,-0.108362
0.3740,20.918,8.098,110.669,-0.109207
0.3750,1.578,8.597,111.399,-0.109938
0.3760,25.748,7.676,111.984,-0.110522
0.3770,16.078,6.985,112.399,-0.110937
0.3780,-0.042,6.179,112.629,-0.111167
0.3790,-10.512,6.102,112.666,-0.111204
0.3800,3.188,6.486,112.508,-0.111046
0.3810,16.078,6.179,112.161,-0.110700
0.3820,-4.872,6.294,111.637,-0.110175
0.3830,-2.452,6.908,110.949,-0.109487
0.3840,-10.512,8.136,110.117,-0.108655
0.3850,17.688,7.905,109.160,-0.107698
0.3860,-5.682,7.560,108.098,-0.106636
0.3870,17.688,7.099,106.950,-0.105488
0.3880,6.408,6.293,105.735,-0.104273
0.3890,17.688,7.100,104.469,-0.103007
0.3900,1.578,7.598,103.165,-0.101703
0.3910,16.078,8.519,101.836,-0.100374
0.3920,18.498,7.905,100.492,-0.099030
0.3930,6.408,8.289,99.143,-0.097681
0.3940,19.308,9.171,97.798,-0.096336
0.3950,16.078,9.363,96.467,-0.095005
0.3960,-5.682,9.862,95.161,-0.093699
0.3970,16.078,10.975,93.893,-0.092431
0.3980,-0.842,10.899,92.677,-0.091215
0.3990,16.888,10.937,91.530,-0.090068
0.4000,-0.042,11.283,90.472,-0.089010
0.4010,22.528,11.973,89.521,-0.088059
0.4020,3.188,11.244,88.698,-0.087236
0.4030,3.188,10.439,88.023,-0.086561
0.4040,16.078,10.899,87.512,-0.086050
0.4050,-6.482,10.745,87.180,-0.085718
0.4060,28.168,9.479,87.035,-0.085573
0.4070,17.688,9.748,87.078,-0.085616
0.4080,16.078,8.980,87.305,-0.085843
0.4090,7.218,9.786,87.702,-0.086240
0.4100,24.948,10.054,88.246,-0.086784
0.4110,16.078,9.287,88.906,-0.087444
0.4120,0.768,7.944,89.645,-0.088183
0.4130,1.578,7.330,90.417,-0.088955
0.4140,16.078,7.560,91.172,-0.089710
0.4150,16.078,7.714,91.859,-0.090397
0.4160,-10.512,8.942,92.424,-0.090962
0.4170,-0.042,8.366,92.818,-0.091356
0.4180,-0.042,8.290,92.996,-0.091534
0.4190,16.078,7.292,92.922,-0.091460
0.4200,22.528,7.599,92.568,-0.091106
0.4210,-16.152,7.867,91.920,-0.090458
0.4220,-5.682,8.021,90.977,-0.089515
0.4230,-9.702,8.098,89.753,-0.088291
0.4240,8.018,8.865,88.274,-0.086812
0.4250,19.308,9.249,86.581,-0.085119
0.4260,19.308,9.249,84.727,-0.083265
0.4270,16.078,9.440,82.775,-0.081313
0.4280,16.078,9.632,80.793,-0.079331
0.4290,-4.872,10.400,78.856,-0.077394
0.4300,13.658,9.632,77.035,-0.075573
0.4310,30.588,9.364,75.402,-0.073940
0.4320,19.308,9.632,74.019,-0.072557
0.4330,2.378,10.208,72.939,-0.071477
0.4340,17.688,11.436,72.202,-0.070740
0.4350,24.138,11.820,71.833,-0.070371
0.4360,16.078,11.704,71.841,-0.070380
0.4370,-6.482,10.668,72.219,-0.070757
0.4380,3.988,9.402,72.941,-0.071479
0.4390,16.078,9.786,73.967,-0.072505
0.4400,-0.042,10.170,75.244,-0.073782
0.4410,16.888,10.285,76.709,-0.075247
0.4420,-10.512,9.594,78.289,-0.076827
0.4430,6.408,7.560,79.911,-0.078449
0.4440,16.078,7.138,81.498,-0.080037
0.4450,16.078,7.061,82.980,-0.081519
0.4460,16.888,5.603,84.293,-0.082831
0.4470,-2.452,5.066,85.382,-0.083920
0.4480,-10.512,5.066,86.205,-0.084743
0.4490,24.138,5.181,86.736,-0.085275
0.4500,3.188,5.527,86.964,-0.085502
0.4510,16.078,6.294,86.890,-0.085428
0.4520,16.078,6.256,86.533,-0.085071
0.4530,-23.402,6.486,85.922,-0.084460
0.4540,-6.482,6.256,85.100,-0.083638
0.4550,16.078,6.256,84.113,-0.082651
0.4560,-6.482,6.563,83.015,-0.081553
0.4570,4.798,5.757,81.859,-0.080397
0.4580,-6.482,5.949,80.698,-0.079236
0.4590,6.408,7.215,79.578,-0.078116
0.4600,23.328,6.140,78.538,-0.077076
0.4610,16.078,6.793,77.607,-0.076145
0.4620,16.078,6.793,76.802,-0.075340
0.4630,-5.682,4.913,76.130,-0.074668
0.4640,1.578,6.064,75.585,-0.074124
0.4650,16.078,7.215,75.153,-0.073691
0.4660,22.528,7.215,74.806,-0.073345
0.4670,-0.042,7.061,74.515,-0.073054
0.4680,1.578,6.831,74.244,-0.072782
0.4690,16.078,8.059,73.955,-0.072493
0.4700,1.578,7.867,73.613,-0.072151
0.4710,16.888,7.100,73.186,-0.071724
0.4720,16.078,7.522,72.651,-0.071189
0.4730,-23.402,7.522,71.991,-0.070529
0.4740,0.768,7.484,71.200,-0.069738
0.4750,17.688,8.635,70.281,-0.068819
0.4760,16.078,8.635,69.251,-0.067789
0.4770,-9.702,8.328,68.131,-0.066670
0.4780,-0.042,8.098,66.955,-0.065493
0.4790,19.308,9.019,65.759,-0.064297
0.4800,2.378,7.753,64.583,-0.063121
0.4810,7.218,8.482,63.468,-0.062006
0.4820,24.948,7.369,62.452,-0.060990
0.4830,16.078,7.408,61.567,-0.060106
0.4840,-6.482,9.288,60.839,-0.059377
0.4850,25.748,9.288,60.281,-0.058819
0.4860,16.078,8.443,59.897,-0.058435
0.4870,16.078,8.443,59.678,-0.058216
0.4880,-4.872,8.750,59.604,-0.058142
0.4890,20.918,9.518,59.644,-0.058182
0.4900,-10.512,8.635,59.756,-0.058294
0.4910,16.888,8.711,59.894,-0.058432
0.4920,-6.482,9.210,60.006,-0.058544
0.4930,16.888,7.943,60.039,-0.058577
0.4940,16.078,7.943,59.944,-0.058482
0.4950,0.768,8.404,59.675,-0.058213
0.4960,-0.042,7.943,59.199,-0.057737
0.4970,16.078,7.943,58.491,-0.057029
0.4980,-3.262,7.176,57.542,-0.056080
0.4990,16.078,8.058,56.356,-0.054894
0.5000,0.768,9.363,54.953,-0.053491
0.5010,3.988,10.629,53.370,-0.051908
0.5020,17.688,10.590,51.654,-0.050192
0.5030,-1.652,10.820,49.865,-0.048403
0.5040,16.078,10.360,48.073,-0.046611
0.5050,3.188,9.592,46.350,-0.044888
0.5060,16.078,10.475,44.770,-0.043308
0.5070,16.078,11.243,43.407,-0.041945
0.5080,-0.042,11.243,42.324,-0.040862
0.5090,13.658,11.090,41.577,-0.040115
0.5100,48.318,10.053,41.207,-0.039745
0.5110,16.078,9.516,41.239,-0.039777
0.5120,16.078,10.092,41.681,-0.040220
0.5130,-1.652,10.322,42.523,-0.041061
0.5140,7.218,9.593,43.735,-0.042273
0.5150,-0.042,9.593,45.272,-0.043810
0.5160,19.308,8.826,47.074,-0.045612
0.5170,16.078,8.097,49.067,-0.047605
0.5180,16.078,8.097,51.171,-0.049709
0.5190,-6.482,8.864,53.300,-0.051838
0.5200,-5.682,7.637,55.367,-0.053905
0.5210,-10.512,4.835,57.288,-0.055826
0.5220,16.078,4.068,58.988,-0.057526
0.5230,22.528,4.068,60.401,-0.058939
0.5240,-16.962,3.607,61.475,-0.060013
0.5250,16.078,4.490,62.174,-0.060712
0.5260,-12.932,4.490,62.478,-0.061016
0.5270,0.768,3.722,62.385,-0.060923
0.5280,16.078,3.876,61.908,-0.060446
0.5290,16.078,3.454,61.075,-0.059613
0.5300,-12.122,4.528,59.930,-0.058468
0.5310,-10.512,5.564,58.523,-0.057061
0.5320,-0.042,5.833,56.914,-0.055452
0.5330,16.078,4.835,55.165,-0.053703
0.5340,-11.322,4.413,53.339,-0.051877
0.5350,25.748,6.217,51.496,-0.050034
0.5360,-0.042,6.217,49.690,-0.048228
0.5370,3.188,6.332,47.968,-0.046506
0.5380,19.308,7.368,46.364,-0.044903
0.5390,7.218,7.368,44.905,-0.043443
0.5400,16.078,6.294,43.604,-0.042142
0.5410,16.078,6.984,42.463,-0.041001
0.5420,-4.872,8.250,41.475,-0.040013
0.5430,-4.872,8.289,40.625,-0.039163
0.5440,13.658,8.289,39.891,-0.038429
0.5450,20.918,9.594,39.246,-0.037785
0.5460,16.078,8.404,38.665,-0.037204
0.5470,-10.512,9.172,38.121,-0.036659
0.5480,22.528,8.788,37.591,-0.036129
0.5490,16.078,8.634,37.057,-0.035595
0.5500,-6.482,8.672,36.506,-0.035044
0.5510,2.378,8.250,35.935,-0.034473
0.5520,16.078,8.250,35.345,-0.033883
0.5530,0.768,9.248,34.747,-0.033285
0.5540,16.078,9.248,34.157,-0.032695
0.5550,16.078,9.363,33.593,-0.032131
0.5560,0.768,9.133,33.080,-0.031618
0.5570,16.078,7.867,32.641,-0.031179
0.5580,-4.872,9.133,32.298,-0.030836
0.5590,16.078,8.097,32.071,-0.030609
0.5600,8.018,6.830,31.973,-0.030511
0.5610,7.218,7.905,32.010,-0.030549
0.5620,16.078,7.867,32.182,-0.030720
0.5630,16.078,6.600,32.479,-0.031017
0.5640,-4.872,7.560,32.881,-0.031419
0.5650,16.078,7.867,33.363,-0.031901
0.5660,16.078,7.445,33.891,-0.032429
0.5670,-10.512,8.213,34.426,-0.032964
0.5680,16.078,8.213,34.925,-0.033464
0.5690,0.768,7.983,35.347,-0.033885
0.5700,-10.512,6.947,35.648,-0.034186
0.5710,16.078,6.563,35.791,-0.034329
0.5720,1.578,6.371,35.741,-0.034279
0.5730,-10.512,6.371,35.474,-0.034012
0.5740,20.918,5.642,34.973,-0.033511
0.5750,22.528,6.179,34.233,-0.032771
0.5760,7.218,6.410,33.256,-0.031794
0.5770,16.888,6.410,32.056,-0.030595
0.5780,16.078,7.676,30.658,-0.029196
0.5790,-9.702,6.755,29.092,-0.027630
0.5800,-5.682,6.947,27.395,-0.025933
0.5810,-0.042,8.213,25.610,-0.024148
0.5820,3.188,8.098,23.780,-0.022318
0.5830,16.078,8.750,21.949,-0.020487
0.5840,0.768,11.244,20.157,-0.018695
0.5850,6.408,11.014,18.443,-0.016981
0.5860,20.918,10.246,16.835,-0.015373
0.5870,16.078,10.668,15.358,-0.013897
0.5880,16.078,9.555,14.028,-0.012566
0.5890,-3.262,9.555,12.852,-0.011390
0.5900,4.798,9.555,11.829,-0.010368
0.5910,16.078,10.899,10.953,-0.009492
0.5920,13.658,10.630,10.211,-0.008749
0.5930,15.278,9.978,9.586,-0.008124
0.5940,41.868,9.862,9.059,-0.007597
0.5950,16.078,10.822,8.609,-0.007147
0.5960,6.408,11.474,8.218,-0.006757
0.5970,16.078,10.822,7.872,-0.006410
0.5980,-6.482,10.976,7.556,-0.006094
0.5990,16.078,10.208,7.266,-0.005804
0.6000,-9.702,11.973,6.999,-0.005537
0.6010,22.528,12.510,6.759,-0.005297
0.6020,-5.682,12.510,6.554,-0.005092
0.6030,-10.512,11.705,6.396,-0.004934
0.6040,13.658,10.975,6.299,-0.004837
0.6050,20.918,9.747,6.279,-0.004817
0.6060,20.108,9.747,6.348,-0.004887
0.6070,7.218,8.941,6.518,-0.005056
0.6080,19.308,7.675,6.794,-0.005333
0.6090,-0.042,7.982,7.176,-0.005714
0.6100,33.808,7.982,7.656,-0.006194
0.6110,16.078,8.135,8.219,-0.006757
0.6120,16.078,7.828,8.839,-0.007377
0.6130,-3.262,7.943,9.487,-0.008025
0.6140,-0.042,9.210,10.123,-0.008661
0.6150,16.078,8.596,10.704,-0.009242
0.6160,16.078,8.365,11.184,-0.009722
0.6170,-10.512,8.173,11.515,-0.010054
0.6180,-10.512,7.828,11.653,-0.010191
0.6190,-0.042,7.252,11.554,-0.010092
0.6200,16.078,7.904,11.186,-0.009724
0.6210,-6.482,7.559,10.523,-0.009061
0.6220,16.078,7.559,9.550,-0.008088
0.6230,-3.262,6.869,8.266,-0.006804
0.6240,16.078,7.981,6.683,-0.005221
0.6250,0.768,8.289,4.824,-0.003362
0.6260,16.078,8.519,2.729,-0.001267
0.6270,16.078,8.404,0.445,0.001017
0.6280,-0.042,9.900,-1.969,0.003431
0.6290,7.218,11.013,-4.448,0.005910
0.6300,13.658,11.781,-6.922,0.008383
0.6310,26.558,11.205,-9.319,0.010781
0.6320,16.078,12.280,-11.572,0.013034
0.6330,1.578,12.433,-13.617,0.015079
0.6340,20.108,12.088,-15.399,0.016861
0.6350,6.408,12.127,-16.874,0.018336
0.6360,20.918,12.434,-18.009,0.019471
0.6370,13.658,12.588,-18.786,0.020248
0.6380,20.918,12.588,-19.201,0.020663
0.6390,12.858,12.626,-19.266,0.020727
0.6400,16.078,13.202,-19.003,0.020465
0.6410,3.988,12.051,-18.450,0.019912
0.6420,16.078,11.782,-17.651,0.019113
0.6430,19.308,11.782,-16.660,0.018122
0.6440,-10.512,11.399,-15.534,0.016996
0.6450,16.888,10.593,-14.331,0.015793
0.6460,7.218,11.053,-13.109,0.014571
0.6470,19.308,9.787,-11.919,0.013380
0.6480,16.078,9.902,-10.807,0.012268
0.6490,0.768,8.597,-9.809,0.011271
0.6500,19.308,8.750,-8.953,0.010415
0.6510,-10.512,8.750,-8.254,0.009716
0.6520,20.918,8.021,-7.716,0.009178
0.6530,16.078,7.446,-7.333,0.008795
0.6540,-6.482,7.599,-7.090,0.008552
0.6550,3.188,7.638,-6.963,0.008425
0.6560,16.078,7.599,-6.925,0.008387
0.6570,-5.682,7.407,-6.944,0.008406
0.6580,16.078,6.640,-6.986,0.008448
0.6590,-6.482,6.793,-7.021,0.008482
0.6600,16.078,6.486,-7.021,0.008483
0.6610,16.078,6.332,-6.965,0.008427
0.6620,-11.322,7.599,-6.839,0.008301
0.6630,3.988,6.102,-6.636,0.008098
0.6640,22.528,5.641,-6.358,0.007820
0.6650,-9.702,6.716,-6.015,0.007477
0.6660,16.078,6.600,-5.625,0.007087
0.6670,3.188,6.600,-5.213,0.006675
0.6680,3.188,6.370,-4.807,0.006269
0.6690,19.308,5.104,-4.438,0.005900
0.6700,-5.682,5.104,-4.139,0.005601
0.6710,16.078,5.104,-3.941,0.005403
0.6720,16.078,4.030,-3.872,0.005333
0.6730,-10.512,4.606,-3.952,0.005414
0.6740,6.408,5.335,-4.199,0.005661
0.6750,16.078,4.606,-4.619,0.006081
0.6760,0.768,5.988,-5.213,0.006675
0.6770,16.078,5.988,-5.972,0.007433
0.6780,-10.512,6.601,-6.879,0.008341
0.6790,-10.512,6.410,-7.911,0.009373
0.6800,-6.482,5.488,-9.041,0.010502
0.6810,16.078,6.102,-10.233,0.011695
0.6820,-6.482,6.448,-11.455,0.012917
0.6830,0.768,6.448,-12.671,0.014133
0.6840,19.308,6.486,-13.848,0.015310
0.6850,7.218,6.947,-14.956,0.016418
0.6860,19.308,6.218,-15.971,0.017433
0.6870,16.078,6.947,-16.874,0.018336
0.6880,16.078,5.680,-17.655,0.019117
0.6890,-0.842,6.218,-18.308,0.019770
0.6900,-0.042,7.023,-18.838,0.020300
0.6910,7.218,8.098,-19.255,0.020717
0.6920,23.328,7.369,-19.573,0.021035
0.6930,16.078,8.443,-19.815,0.021277
0.6940,-9.702,8.098,-20.003,0.021465
0.6950,16.078,7.944,-20.163,0.021625
0.6960,0.768,8.366,-20.321,0.021783
0.6970,16.078,7.138,-20.501,0.021963
0.6980,-10.512,7.138,-20.724,0.022186
0.6990,0.768,7.368,-21.008,0.022470
0.7000,6.408,7.330,-21.366,0.022828
0.7010,16.078,8.097,-21.807,0.023269
0.7020,0.768,7.253,-22.332,0.023794
0.7030,16.078,6.179,-22.941,0.024403
0.7040,-6.482,6.332,-23.628,0.025089
0.7050,16.078,7.560,-24.381,0.025843
0.7060,16.078,7.176,-25.190,0.026651
0.7070,-6.482,8.059,-26.039,0.027501
0.7080,16.078,7.291,-26.915,0.028377
0.7090,20.918,8.596,-27.805,0.029267
0.7100,-1.652,8.251,-28.694,0.030156
0.7110,16.078,8.711,-29.574,0.031036
0.7120,-10.512,7.675,-30.435,0.031897
0.7130,0.768,7.790,-31.273,0.032735
0.7140,19.308,7.790,-32.084,0.033546
0.7150,16.078,8.251,-32.867,0.034329
0.7160,8.018,8.827,-33.621,0.035083
0.7170,19.308,8.865,-34.348,0.035810
0.7180,-0.042,8.903,-35.047,0.036509
0.7190,16.888,9.440,-35.719,0.037181
0.7200,-6.482,9.210,-36.359,0.037821
0.7210,16.078,8.788,-36.963,0.038425
0.7220,-5.682,8.788,-37.523,0.038985
0.7230,3.188,10.093,-38.027,0.039489
0.7240,16.078,10.054,-38.462,0.039924
0.7250,3.188,9.900,-38.812,0.040274
0.7260,28.168,8.634,-39.060,0.040522
0.7270,16.888,9.018,-39.188,0.040650
0.7280,-5.682,8.864,-39.180,0.040642
0.7290,27.358,8.404,-39.020,0.040482
0.7300,16.078,7.100,-38.700,0.040162
0.7310,-10.512,7.483,-38.213,0.039675
0.7320,16.078,7.790,-37.562,0.039024
0.7330,16.888,7.599,-36.754,0.038216
0.7340,-0.042,8.251,-35.805,0.037267
0.7350,16.078,7.024,-34.740,0.036202
0.7360,-10.512,6.563,-33.590,0.035051
0.7370,16.078,5.988,-32.393,0.033855
0.7380,16.078,5.642,-31.193,0.032655
0.7390,-9.702,5.604,-30.037,0.031499
0.7400,-10.512,3.992,-28.975,0.030437
0.7410,1.578,3.225,-28.057,0.029518
0.7420,22.528,3.762,-27.327,0.028788
0.7430,-9.702,3.647,-26.827,0.028289
0.7440,16.888,3.800,-26.591,0.028053
0.7450,-9.702,4.568,-26.644,0.028106
0.7460,-6.482,3.992,-27.000,0.028461
0.7470,16.078,5.258,-27.661,0.029123
0.7480,9.628,4.606,-28.618,0.030080
0.7490,-6.482,4.606,-29.850,0.031312
0.7500,-6.482,5.833,-31.323,0.032785
0.7510,-0.042,5.795,-32.994,0.034456
0.7520,0.768,5.756,-34.814,0.036276
0.7530,13.658,5.564,-36.724,0.038186
0.7540,20.108,6.830,-38.666,0.040128
0.7550,16.078,5.986,-40.579,0.042041
0.7560,3.988,7.214,-42.406,0.043868
0.7570,16.078,7.060,-44.093,0.045555
0.7580,2.378,6.792,-45.597,0.047059
0.7590,16.078,7.253,-46.883,0.048345
0.7600,16.078,8.327,-47.926,0.049387
0.7610,-11.322,8.135,-48.715,0.050176
0.7620,0.768,8.903,-49.251,0.050713
0.7630,18.498,8.250,-49.548,0.051010
0.7640,16.888,8.366,-49.631,0.051093
0.7650,-0.842,8.481,-49.535,0.050997
0.7660,16.078,7.867,-49.302,0.050763
0.7670,-9.702,7.675,-48.979,0.050441
0.7680,10.438,7.675,-48.618,0.050080
0.7690,19.308,8.328,-48.269,0.049731
0.7700,16.078,7.061,-47.979,0.049441
0.7710,-10.512,5.834,-47.792,0.049254
0.7720,16.078,7.446,-47.741,0.049203
0.7730,-12.932,7.177,-47.854,0.049316
0.7740,16.078,7.062,-48.146,0.049608
0.7750,22.528,6.294,-48.621,0.050083
0.7760,3.188,7.100,-49.274,0.050736
0.7770,-0.042,6.678,-50.089,0.051551
0.7780,16.078,8.060,-51.039,0.052501
0.7790,16.078,8.328,-52.094,0.053556
0.7800,-10.512,8.174,-53.214,0.054676
0.7810,-9.702,7.100,-54.360,0.055822
0.7820,22.528,8.673,-55.490,0.056952
0.7830,-4.872,8.673,-56.565,0.058027
0.7840,16.078,8.750,-57.548,0.059010
0.7850,0.768,7.714,-58.411,0.059873
0.7860,16.078,7.714,-59.130,0.060592
0.7870,7.218,8.328,-59.692,0.061154
0.7880,19.308,7.752,-60.091,0.061553
0.7890,16.078,7.139,-60.332,0.061794
0.7900,16.078,7.139,-60.426,0.061888
0.7910,-6.482,7.791,-60.393,0.061855
0.7920,22.528,8.558,-60.259,0.061721
0.7930,16.078,8.251,-60.053,0.061515
0.7940,-11.322,7.982,-59.809,0.061271
0.7950,-5.682,7.982,-59.559,0.061021
0.7960,22.528,8.021,-59.336,0.060798
0.7970,16.078,8.175,-59.167,0.060629
0.7980,-12.122,8.635,-59.078,0.060540
0.7990,3.188,8.481,-59.087,0.060549
0.8000,16.078,8.481,-59.206,0.060668
0.8010,3.188,7.100,-59.441,0.060903
0.8020,6.408,6.793,-59.791,0.061253
0.8030,16.078,5.718,-60.249,0.061711
0.8040,-10.512,6.025,-60.802,0.062264
0.8050,16.078,6.562,-61.436,0.062898
0.8060,1.578,7.906,-62.131,0.063592
0.8070,19.308,6.716,-62.866,0.064328
0.8080,16.888,6.716,-63.624,0.065086
0.8090,16.078,8.059,-64.385,0.065847
0.8100,16.078,7.330,-65.135,0.066597
0.8110,-12.932,6.332,-65.861,0.067323
0.8120,-12.932,7.483,-66.558,0.068020
0.8130,-0.042,7.215,-67.222,0.068684
0.8140,22.528,7.675,-67.854,0.069316
0.8150,-0.042,8.941,-68.462,0.069924
0.8160,22.528,8.558,-69.054,0.070516
0.8170,-2.452,9.402,-69.641,0.071103
0.8180,16.078,9.287,-70.236,0.071698
0.8190,16.078,8.020,-70.852,0.072314
0.8200,-12.122,7.023,-71.499,0.072961
0.8210,-4.872,6.562,-72.188,0.073650
0.8220,27.358,8.174,-72.924,0.074386
0.8230,0.768,9.556,-73.709,0.075171
0.8240,25.748,10.323,-74.540,0.076002
0.8250,16.078,8.750,-75.411,0.076873
0.8260,8.018,9.518,-76.310,0.077772
0.8270,19.308,9.518,-77.222,0.078684
0.8280,16.888,9.019,-78.131,0.079593
0.8290,-9.702,9.326,-79.016,0.080478
0.8300,-4.872,8.290,-79.857,0.081319
0.8310,6.408,9.632,-80.635,0.082097
0.8320,20.918,9.632,-81.331,0.082793
0.8330,16.078,9.786,-81.932,0.083393
0.8340,16.078,9.479,-82.424,0.083886
0.8350,-10.512,9.019,-82.803,0.084265
0.8360,16.078,9.095,-83.066,0.084528
0.8370,22.528,8.213,-83.217,0.084679
0.8380,-12.932,7.369,-83.264,0.084726
0.8390,22.528,7.752,-83.219,0.084681
0.8400,-5.682,8.980,-83.100,0.084562
0.8410,16.078,9.978,-82.926,0.084387
0.8420,-4.872,9.670,-82.716,0.084178
0.8430,30.588,9.479,-82.493,0.083955
0.8440,-5.682,8.442,-82.277,0.083738
0.8450,16.078,7.982,-82.085,0.083547
0.8460,17.688,9.402,-81.934,0.083396
0.8470,-10.512,8.097,-81.836,0.083298
0.8480,1.578,7.790,-81.798,0.083260
0.8490,24.948,8.174,-81.824,0.083286
0.8500,16.078,7.099,-81.913,0.083374
0.8510,16.078,8.135,-82.060,0.083522
0.8520,-0.042,8.135,-82.259,0.083721
0.8530,16.888,7.560,-82.498,0.083960
0.8540,-5.682,5.910,-82.767,0.084229
0.8550,6.408,7.406,-83.053,0.084515
0.8560,19.308,7.406,-83.345,0.084807
0.8570,-11.322,6.063,-83.634,0.085096
0.8580,16.078,7.330,-83.911,0.085373
0.8590,-4.872,8.327,-84.173,0.085635
0.8600,-0.042,6.639,-84.419,0.085881
0.8610,16.078,6.178,-84.650,0.086112
0.8620,16.078,6.255,-84.871,0.086333
0.8630,-16.962,6.562,-85.091,0.086553
0.8640,-4.062,6.523,-85.319,0.086781
0.8650,25.748,7.560,-85.565,0.087027
0.8660,16.078,7.252,-85.841,0.087303
0.8670,-10.512,6.331,-86.157,0.087619
0.8680,16.078,7.214,-86.519,0.087981
0.8690,22.528,7.290,-86.934,0.088396
0.8700,-10.512,8.595,-87.402,0.088864
0.8710,6.408,7.981,-87.922,0.089384
0.8720,17.688,7.981,-88.488,0.089950
0.8730,6.408,7.060,-89.089,0.090551
0.8740,16.078,7.329,-89.714,0.091175
0.8750,16.078,8.595,-90.345,0.091807
0.8760,-0.042,7.252,-90.966,0.092428
0.8770,-0.042,6.485,-91.559,0.093021
0.8780,7.218,7.751,-92.109,0.093571
0.8790,17.688,6.983,-92.601,0.094063
0.8800,22.528,6.676,-93.025,0.094487
0.8810,-12.932,7.213,-93.374,0.094836
0.8820,16.078,7.674,-93.648,0.095110
0.8830,-3.262,6.868,-93.853,0.095315
0.8840,-11.322,6.791,-93.999,0.095461
0.8850,22.528,6.983,-94.103,0.095565
0.8860,-2.452,6.216,-94.189,0.095651
0.8870,-0.042,6.983,-94.282,0.095744
0.8880,16.078,7.060,-94.411,0.095873
0.8890,-0.042,7.482,-94.607,0.096069
0.8900,16.078,7.713,-94.900,0.096362
0.8910,0.768,6.370,-95.317,0.096779
0.8920,16.078,7.022,-95.883,0.097344
0.8930,0.768,7.022,-96.614,0.098076
0.8940,4.798,7.943,-97.524,0.098986
0.8950,20.108,8.710,-98.614,0.100076
0.8960,-0.042,8.442,-99.880,0.101342
0.8970,16.078,8.058,-101.308,0.102769
0.8980,1.578,8.980,-102.874,0.104336
0.8990,16.078,8.826,-104.551,0.106013
0.9000,22.528,9.594,-106.301,0.107762
0.9010,-5.682,9.133,-108.083,0.109545
0.9020,0.768,9.901,-109.854,0.111316
0.9030,16.078,9.210,-111.570,0.113032
0.9040,16.078,9.940,-113.187,0.114649
0.9050,4.798,10.016,-114.666,0.116128
0.9060,16.888,9.978,-115.972,0.117434
0.9070,-10.512,10.055,-117.077,0.118539
0.9080,19.308,10.746,-117.963,0.119425
0.9090,12.858,11.744,-118.619,0.120081
0.9100,16.078,11.898,-119.043,0.120505
0.9110,6.408,11.590,-119.245,0.120707
0.9120,16.888,11.092,-119.240,0.120701
0.9130,1.578,10.478,-119.051,0.120513
0.9140,16.078,9.212,-118.710,0.120172
0.9150,6.408,9.250,-118.249,0.119711
0.9160,19.308,9.788,-117.705,0.119167
0.9170,1.578,9.020,-117.114,0.118576
0.9180,30.588,10.286,-116.510,0.117972
0.9190,22.528,10.132,-115.925,0.117387
0.9200,19.308,8.406,-115.384,0.116846
0.9210,16.078,8.560,-114.909,0.116371
0.9220,-16.152,9.097,-114.513,0.115974
0.9230,-12.122,9.365,-114.201,0.115663
0.9240,-10.512,8.751,-113.976,0.115438
0.9250,16.888,7.983,-113.830,0.115292
0.9260,16.078,8.904,-113.754,0.115216
0.9270,0.768,8.750,-113.733,0.115195
0.9280,16.078,8.559,-113.751,0.115213
0.9290,16.078,7.177,-113.793,0.115255
0.9300,-23.402,6.870,-113.844,0.115306
0.9310,19.308,4.836,-113.892,0.115354
0.9320,17.688,3.493,-113.930,0.115392
0.9330,22.528,5.335,-113.955,0.115417
0.9340,-11.322,6.026,-113.972,0.115434
0.9350,-0.042,7.906,-113.989,0.115451
0.9360,25.748,7.139,-114.022,0.115484
0.9370,16.078,7.139,-114.089,0.115551
0.9380,-2.452,7.215,-114.214,0.115676
0.9390,1.578,7.215,-114.422,0.115884
0.9400,16.078,6.525,-114.738,0.116200
0.9410,-23.402,8.405,-115.185,0.116647
0.9420,-12.122,7.483,-115.782,0.117244
0.9430,22.528,7.407,-116.546,0.118008
0.9440,2.378,6.332,-117.484,0.118946
0.9450,28.978,7.253,-118.596,0.120058
0.9460,0.768,8.212,-119.874,0.121336
0.9470,16.078,7.752,-121.302,0.122764
0.9480,2.378,7.138,-122.854,0.124316
0.9490,16.078,7.560,-124.498,0.125960
0.9500,1.578,9.018,-126.195,0.127657
0.9510,16.078,8.328,-127.902,0.129364
0.9520,-0.042,10.208,-129.573,0.131035
0.9530,16.078,10.553,-131.162,0.132624
0.9540,-0.042,10.246,-132.625,0.134087
0.9550,8.018,9.632,-133.922,0.135384
0.9560,20.108,8.634,-135.020,0.136482
0.9570,16.078,9.862,-135.894,0.137356
0.9580,3.188,9.862,-136.527,0.137989
0.9590,6.408,10.514,-136.915,0.138376
0.9600,32.198,9.517,-137.061,0.138523
0.9610,1.578,10.514,-136.983,0.138445
0.9620,16.078,9.517,-136.706,0.138168
0.9630,-4.872,10.284,-136.262,0.137724
0.9640,16.078,9.287,-135.693,0.137155
0.9650,-10.512,9.095,-135.043,0.136505
0.9660,8.018,9.556,-134.360,0.135822
0.9670,26.558,9.364,-133.691,0.135153
0.9680,16.078,8.098,-133.083,0.134545
0.9690,16.078,8.251,-132.576,0.134037
0.9700,-4.872,7.944,-132.205,0.133666
0.9710,22.528,7.368,-131.998,0.133459
0.9720,-4.872,7.598,-131.974,0.133436
0.9730,16.078,7.598,-132.143,0.133605
0.9740,-4.872,8.596,-132.507,0.133969
0.9750,-4.062,7.560,-133.059,0.134521
0.9760,17.688,8.058,-133.783,0.135245
0.9770,16.078,8.442,-134.660,0.136122
0.9780,-10.512,7.521,-135.665,0.137127
0.9790,6.408,7.675,-136.769,0.138231
0.9800,-0.042,7.675,-137.944,0.139406
0.9810,20.108,7.943,-139.163,0.140625
0.9820,6.408,7.790,-140.400,0.141862
0.9830,16.078,8.366,-141.632,0.143094
0.9840,16.078,8.366,-142.844,0.144306
0.9850,-5.682,8.903,-144.022,0.145484
0.9860,-0.042,9.862,-145.159,0.146621
0.9870,16.078,9.325,-146.254,0.147715
0.9880,7.218,9.210,-147.307,0.148768
0.9890,19.308,10.630,-148.323,0.149785
0.9900,16.078,10.937,-149.308,0.150770
0.9910,0.768,11.858,-150.270,0.151732
0.9920,19.308,10.784,-151.214,0.152675
0.9930,7.218,10.669,-152.142,0.153604
0.9940,16.078,10.247,-153.055,0.154517
0.9950,6.408,10.400,-153.948,0.155409
0.9960,16.078,11.437,-154.811,0.156273
0.9970,6.408,11.437,-155.630,0.157092
0.9980,13.658,10.708,-156.387,0.157849
0.9990,19.308,11.283,-157.060,0.158522
1.0000,12.858,11.283,-157.622,0.159084
1.0010,19.308,10.554,-158.049,0.159511
1.0020,-2.452,11.283,-158.316,0.159778
1.0030,3.988,9.863,-158.398,0.159860
1.0040,7.218,10.285,-158.279,0.159741
1.0050,19.308,9.825,-157.945,0.159406
1.0060,16.078,9.825,-157.390,0.158852
1.0070,-0.042,9.940,-156.617,0.158079
1.0080,0.768,10.400,-155.638,0.157100
1.0090,19.308,9.288,-154.473,0.155935
1.0100,19.308,9.134,-153.152,0.154614
1.0110,0.768,7.599,-151.710,0.153172
1.0120,16.078,6.064,-150.191,0.151653
1.0130,-10.512,5.872,-148.643,0.150105
1.0140,16.078,5.719,-147.114,0.148576
1.0150,6.408,5.527,-145.654,0.147116
1.0160,6.408,5.527,-144.311,0.145773
1.0170,18.498,5.527,-143.126,0.144588
1.0180,16.078,5.067,-142.135,0.143597
1.0190,-9.702,5.489,-141.365,0.142827
1.0200,16.078,5.335,-140.833,0.142295
1.0210,-19.382,5.258,-140.545,0.142007
1.0220,-12.932,5.219,-140.497,0.141959
1.0230,-6.482,5.219,-140.673,0.142135
1.0240,0.768,5.219,-141.049,0.142511
1.0250,3.188,4.106,-141.592,0.143054
1.0260,19.308,4.605,-142.264,0.143726
1.0270,16.078,3.800,-143.022,0.144484
1.0280,-9.702,3.761,-143.822,0.145283
1.0290,9.628,2.495,-144.622,0.146083
1.0300,16.078,3.722,-145.383,0.146845
1.0310,17.688,2.955,-146.074,0.147536
1.0320,-0.042,3.722,-146.671,0.148133
1.0330,16.078,5.104,-147.158,0.148619
1.0340,-10.512,5.410,-147.531,0.148993
1.0350,-7.292,5.526,-147.796,0.149258
1.0360,16.888,6.140,-147.971,0.149433
1.0370,-10.512,5.986,-148.081,0.149543
1.0380,17.688,4.758,-148.160,0.149621
1.0390,-10.512,4.911,-148.247,0.149708
1.0400,16.078,5.219,-148.385,0.149847
1.0410,-0.042,4.758,-148.619,0.150081
1.0420,-3.262,4.681,-148.992,0.150453
1.0430,16.078,4.605,-149.540,0.151002
1.0440,-0.042,4.912,-150.297,0.151759
1.0450,3.188,6.332,-151.286,0.152748
1.0460,16.078,7.445,-152.520,0.153982
1.0470,16.078,6.293,-154.003,0.155465
1.0480,-9.702,6.178,-155.726,0.157188
1.0490,-6.482,6.101,-157.671,0.159133
1.0500,16.078,7.406,-159.808,0.161270
1.0510,6.408,6.677,-162.099,0.163561
1.0520,16.078,7.445,-164.502,0.165964
1.0530,-1.652,7.905,-166.965,0.168427
1.0540,22.528,7.790,-169.439,0.170901
1.0550,19.308,9.172,-171.873,0.173335
1.0560,16.078,9.670,-174.217,0.175678
1.0570,-7.292,10.361,-176.427,0.177889
1.0580,-12.932,10.976,-178.467,0.179929
1.0590,16.078,12.203,-180.307,0.181769
1.0600,16.888,12.625,-181.926,0.183387
1.0610,0.768,12.625,-183.311,0.184773
1.0620,16.078,12.549,-184.462,0.185924
1.0630,6.408,11.858,-185.384,0.186846
1.0640,13.658,13.125,-186.090,0.187552
1.0650,28.978,11.551,-186.600,0.188062
1.0660,13.658,11.551,-186.937,0.188399
1.0670,30.588,11.551,-187.129,0.188591
1.0680,28.978,11.628,-187.202,0.188664
1.0690,16.078,12.396,-187.182,0.188644
1.0700,2.378,12.396,-187.093,0.188555
1.0710,16.078,11.360,-186.956,0.188418
1.0720,4.798,12.089,-186.785,0.188247
1.0730,1.578,11.436,-186.591,0.188053
1.0740,24.948,11.206,-186.380,0.187842
1.0750,-10.512,11.321,-186.152,0.187613
1.0760,19.308,10.707,-185.903,0.187365
1.0770,16.078,10.822,-185.629,0.187091
1.0780,-5.682,9.594,-185.321,0.186783
1.0790,3.188,8.980,-184.971,0.186433
1.0800,16.078,8.212,-184.574,0.186035
1.0810,-4.872,8.865,-184.124,0.185586
1.0820,16.078,7.906,-183.621,0.185083
1.0830,2.378,8.443,-183.069,0.184531
1.0840,1.578,9.440,-182.478,0.183940
1.0850,16.078,9.018,-181.861,0.183323
1.0860,16.078,8.327,-181.236,0.182698
1.0870,16.078,7.099,-180.628,0.182090
1.0880,4.798,7.099,-180.062,0.181523
1.0890,16.078,7.022,-179.565,0.181027
1.0900,-0.042,6.869,-179.168,0.180630
1.0910,16.078,7.176,-178.897,0.180359
1.0920,-4.062,7.176,-178.777,0.180239
1.0930,16.078,7.176,-178.828,0.180290
1.0940,22.528,7.214,-179.065,0.180527
1.0950,16.078,7.943,-179.497,0.180958
1.0960,-25.022,7.368,-180.124,0.181586
1.0970,-6.482,7.521,-180.941,0.182403
1.0980,16.078,6.792,-181.934,0.183396
1.0990,-7.292,7.483,-183.082,0.184544
1.1000,-0.042,6.831,-184.358,0.185820
1.1010,22.528,7.752,-185.732,0.187194
1.1020,-4.872,7.752,-187.169,0.188631
1.1030,16.078,7.982,-188.633,0.190095
1.1040,3.188,7.867,-190.087,0.191549
1.1050,16.888,7.982,-191.497,0.192959
1.1060,3.988,7.982,-192.831,0.194293
1.1070,19.308,9.134,-194.062,0.195524
1.1080,0.768,10.247,-195.169,0.196631
1.1090,19.308,9.288,-196.135,0.197597
1.1100,2.378,9.441,-196.950,0.198412
1.1110,19.308,9.787,-197.612,0.199074
1.1120,16.078,9.480,-198.123,0.199585
1.1130,0.768,9.710,-198.490,0.199952
1.1140,13.658,10.170,-198.724,0.200186
1.1150,24.948,9.518,-198.840,0.200302
1.1160,16.078,9.480,-198.854,0.200316
1.1170,-0.842,10.055,-198.782,0.200244
1.1180,16.888,9.172,-198.640,0.200102
1.1190,-4.062,9.901,-198.443,0.199905
1.1200,-4.062,8.980,-198.202,0.199664
1.1210,7.218,8.903,-197.928,0.199390
1.1220,16.078,8.903,-197.627,0.199089
1.1230,-0.042,8.903,-197.303,0.198765
1.1240,25.748,9.632,-196.960,0.198421
1.1250,-10.512,8.443,-196.597,0.198059
1.1260,16.078,6.716,-196.215,0.197677
1.1270,16.078,5.450,-195.815,0.197276
1.1280,0.768,5.795,-195.398,0.196860
1.1290,16.078,5.756,-194.968,0.196430
1.1300,-0.042,6.869,-194.533,0.195995
1.1310,0.768,6.140,-194.101,0.195562
1.1320,19.308,5.640,-193.684,0.195146
1.1330,16.078,6.101,-193.300,0.194762
1.1340,16.078,6.063,-192.965,0.194427
1.1350,-11.322,6.063,-192.700,0.194162
1.1360,-11.322,6.063,-192.525,0.193987
1.1370,-10.512,6.063,-192.459,0.193921
1.1380,6.408,5.487,-192.518,0.193980
1.1390,16.078,6.216,-192.716,0.194178
1.1400,19.308,5.526,-193.060,0.189797
1.1410,-19.382,5.871,-193.552,0.176531
1.1420,-3.262,6.677,-194.185,0.155624
1.1430,25.748,5.449,-194.945,0.129055
1.1440,-0.842,5.564,-195.808,0.099366
1.1450,25.748,4.950,-196.744,0.069435
1.1460,-10.512,6.255,-197.715,0.042212
1.1470,16.078,6.946,-198.675,0.020434
1.1480,3.988,7.790,-199.575,0.006346
1.1490,16.078,8.405,-200.363,0.001462
