stage,repeat,weight,onset_v,offsets
branches_zeroctl,0,0,,0.0000;0.0000;0.0000;0.0000
branches,0,1,0.4104,0.0000;0.0000;0.0000;0.0000
branches,0,4,0.4135,0.0000;0.0000;0.0000;0.0000
branches,0,8,0.4470,0.0000;0.0000;0.0000;0.0000
branches,0,2,0.4145,0.0000;0.0000;0.0000;0.0000
branches,1,2,0.4145,0.0000;0.0000;0.0000;0.0000
branches,1,8,0.4470,0.0000;0.0000;0.0000;0.0000
branches,1,4,0.4135,0.0000;0.0000;0.0000;0.0000
branches,1,1,0.4104,0.0000;0.0000;0.0000;0.0000
branches,2,1,0.4104,0.0000;0.0000;0.0000;0.0000
branches,2,2,0.4145,0.0000;0.0000;0.0000;0.0000
branches,2,4,0.4135,0.0000;0.0000;0.0000;0.0000
branches,2,8,0.4470,0.0000;0.0000;0.0000;0.0000
slope_zeroctl,0,0,,0.0000;0.0000;0.0000;0.0000
slope,0,15,0.3688,0.0000;0.0000;0.0000;0.0000
slope,0,3,0.3871,0.0000;0.0000;0.0000;0.0000
slope,0,1,0.4104,0.0000;0.0000;0.0000;0.0000
slope,0,7,0.3729,0.0000;0.0000;0.0000;0.0000
slope,1,7,0.3729,0.0000;0.0000;0.0000;0.0000
slope,1,3,0.3871,0.0000;0.0000;0.0000;0.0000
slope,1,15,0.3688,0.0000;0.0000;0.0000;0.0000
slope,1,1,0.4104,0.0000;0.0000;0.0000;0.0000
slope,2,7,0.3729,0.0000;0.0000;0.0000;0.0000
slope,2,1,0.4104,0.0000;0.0000;0.0000;0.0000
slope,2,15,0.3688,0.0000;0.0000;0.0000;0.0000
slope,2,3,0.3871,0.0000;0.0000;0.0000;0.0000
code_zeroctl,0,0,,0.0000;0.0000;0.0000;0.0000
code,0,3,0.3871,0.0000;0.0000;0.0000;0.0000
code,0,14,0.3810,0.0000;0.0000;0.0000;0.0000
code,0,7,0.3729,0.0000;0.0000;0.0000;0.0000
code,0,12,0.4003,0.0000;0.0000;0.0000;0.0000
code,0,8,0.4470,0.0000;0.0000;0.0000;0.0000
code,0,13,0.3800,0.0000;0.0000;0.0000;0.0000
code,0,11,0.3810,0.0000;0.0000;0.0000;0.0000
code,0,6,0.3881,0.0000;0.0000;0.0000;0.0000
code,0,10,0.4003,0.0000;0.0000;0.0000;0.0000
code,0,5,0.3871,0.0000;0.0000;0.0000;0.0000
code,0,2,0.4145,0.0000;0.0000;0.0000;0.0000
code,0,9,0.3982,0.0000;0.0000;0.0000;0.0000
code,0,1,0.4104,0.0000;0.0000;0.0000;0.0000
code,0,15,0.3688,0.0000;0.0000;0.0000;0.0000
code,0,4,0.4135,0.0000;0.0000;0.0000;0.0000
code,1,1,0.4104,0.0000;0.0000;0.0000;0.0000
code,1,8,0.4470,0.0000;0.0000;0.0000;0.0000
code,1,10,0.4003,0.0000;0.0000;0.0000;0.0000
code,1,2,0.4145,0.0000;0.0000;0.0000;0.0000
code,1,14,0.3810,0.0000;0.0000;0.0000;0.0000
code,1,6,0.3881,0.0000;0.0000;0.0000;0.0000
code,1,5,0.3871,0.0000;0.0000;0.0000;0.0000
code,1,13,0.3800,0.0000;0.0000;0.0000;0.0000
code,1,3,0.3871,0.0000;0.0000;0.0000;0.0000
code,1,15,0.3688,0.0000;0.0000;0.0000;0.0000
code,1,12,0.4003,0.0000;0.0000;0.0000;0.0000
code,1,4,0.4135,0.0000;0.0000;0.0000;0.0000
code,1,7,0.3729,0.0000;0.0000;0.0000;0.0000
code,1,11,0.3810,0.0000;0.0000;0.0000;0.0000
code,1,9,0.3993,0.0000;0.0000;0.0000;0.0000
code,2,9,0.3993,0.0000;0.0000;0.0000;0.0000
code,2,2,0.4145,0.0000;0.0000;0.0000;0.0000
code,2,5,0.3871,0.0000;0.0000;0.0000;0.0000
code,2,15,0.3688,0.0000;0.0000;0.0000;0.0000
code,2,12,0.4003,0.0000;0.0000;0.0000;0.0000
code,2,13,0.3800,0.0000;0.0000;0.0000;0.0000
code,2,8,0.4470,0.0000;0.0000;0.0000;0.0000
code,2,10,0.4013,0.0000;0.0000;0.0000;0.0000
code,2,3,0.3881,0.0000;0.0000;0.0000;0.0000
code,2,6,0.3881,0.0000;0.0000;0.0000;0.0000
code,2,4,0.4145,0.0000;0.0000;0.0000;0.0000
code,2,14,0.3810,0.0000;0.0000;0.0000;0.0000
code,2,7,0.3729,0.0000;0.0000;0.0000;0.0000
code,2,11,0.3810,0.0000;0.0000;0.0000;0.0000
code,2,1,0.4104,0.0000;0.0000;0.0000;0.0000
