repeat,weight,input_hz,spikes_in,elapsed_s,out_spikes,out_hz,total_hz,drops,stalls
0,0,100.0,100,0.9903,0,0.0000,0.0000,0,0
0,1,100.0,100,0.9902,0,0.0000,0.0000,0,0
0,2,100.0,100,0.9901,0,0.0000,0.0000,0,0
0,3,100.0,100,0.9901,0,0.0000,0.0000,0,0
0,4,100.0,100,0.9903,0,0.0000,0.0000,0,0
0,5,100.0,100,0.9903,0,0.0000,0.0000,0,0
0,6,100.0,100,0.9901,0,0.0000,0.0000,0,0
0,7,100.0,100,0.9901,60,60.6023,60.6023,0,0
0,8,100.0,100,0.9901,0,0.0000,0.0000,0,0
0,9,100.0,100,0.9901,0,0.0000,0.0000,0,0
0,10,100.0,100,0.9901,0,0.0000,0.0000,0,0
0,11,100.0,100,0.9901,0,0.0000,0.0000,0,0
0,12,100.0,100,0.9901,0,0.0000,0.0000,0,0
0,13,100.0,100,0.9902,141,142.3979,142.3979,0,0
0,14,100.0,100,0.9902,0,0.0000,0.0000,0,0
0,15,100.0,100,0.9903,230,232.2620,232.2620,0,0
