freq_hz,jack_vpp_nominal,jack_vpp_true,err_pct,peak_counts
0.2125,0.01786,0.01780096,-0.331,206.2
0.3099,0.01786,0.01780077,-0.332,206.2
0.4518,0.01786,0.01780086,-0.331,206.2
0.6586,0.01786,0.01780079,-0.332,206.2
0.9602,0.01786,0.01780085,-0.331,206.2
1.3999,0.01786,0.01780088,-0.331,206.2
2.0410,0.01786,0.01780092,-0.331,206.2
2.9757,0.01786,0.01780089,-0.331,206.2
4.3383,0.01786,0.01780089,-0.331,206.2
6.3247,0.01786,0.01780089,-0.331,206.2
9.2231,0.01786,0.01780089,-0.331,206.2
13.4467,0.01786,0.01780089,-0.331,206.2
19.6053,0.01786,0.01780088,-0.331,206.2
28.5843,0.01786,0.01780089,-0.331,206.2
41.6733,0.01786,0.01780089,-0.331,206.2
60.7563,0.01786,0.01780089,-0.331,206.2
88.5700,0.00143,0.00137530,-3.825,15.9
88.5700,0.00250,0.00243983,-2.407,28.3
88.5700,0.00357,0.00351861,-1.439,40.8
88.5700,0.00536,0.00530208,-1.081,61.4
88.5700,0.00714,0.00708710,-0.741,82.1
88.5700,0.01071,0.01066001,-0.467,123.5
88.5700,0.01786,0.01780088,-0.331,206.2
88.5700,0.02500,0.02494519,-0.219,289.0
88.5700,0.03214,0.03208862,-0.160,371.7
129.1379,0.01786,0.01780088,-0.331,206.2
188.2637,0.01786,0.01780090,-0.331,206.2
274.4491,0.01786,0.01780089,-0.331,206.2
400.1237,0.01786,0.01780089,-0.331,206.2
