tag,block,utc,freq_hz,jack_vpp,divider,vin_pp,settle_s,window_s,vout_pp,gain,gain_db,dc_v,peak_v,trough_v,h2,h3,resid_rms_v,amp_se_v,drift_mv_s,n_samples,frac_at_rail,frac_at_zero,raw_npz,flag
quiet_before,gain_vs_level,18:02:15,88.5700,0.00000,0.028,0.000000,20.0,8.0,0.001023,nan,,1.6727,1.6732,1.6722,0.4789,0.2884,0.015637,0.000247,0.296,8046,0.0000,0.0000,raw/gain_vs_level/quiet_before.npz,no drive
L0_150uVpp,gain_vs_level,18:03:23,88.5700,0.00536,0.028,0.000150,60.0,8.0,0.043991,293.27,49.345,1.6732,1.6952,1.6512,0.0142,0.0161,0.015512,0.000245,-0.011,8046,0.0000,0.0000,raw/gain_vs_level/L0_150uVpp.npz,
L1_300uVpp,gain_vs_level,18:04:32,88.5700,0.01071,0.028,0.000300,60.0,8.0,0.082796,275.99,48.818,1.6700,1.7114,1.6286,0.0222,0.0144,0.015087,0.000238,-0.489,8045,0.0000,0.0000,raw/gain_vs_level/L1_300uVpp.npz,
L2_500uVpp,gain_vs_level,18:05:41,88.5700,0.01786,0.028,0.000500,60.0,8.0,0.132981,265.96,48.496,1.6593,1.7258,1.5929,0.0316,0.0213,0.016458,0.000259,-0.067,8046,0.0000,0.0000,raw/gain_vs_level/L2_500uVpp.npz,
L3_700uVpp,gain_vs_level,18:06:50,88.5700,0.02500,0.028,0.000700,60.0,8.0,0.189951,271.36,48.671,1.6453,1.7403,1.5504,0.0529,0.0122,0.018553,0.000293,-0.216,8046,0.0000,0.0000,raw/gain_vs_level/L3_700uVpp.npz,
L4_900uVpp,gain_vs_level,18:07:58,88.5700,0.03214,0.028,0.000900,60.0,8.0,0.245611,272.90,48.720,1.6298,1.7526,1.5070,0.0538,0.0224,0.020429,0.000322,0.205,8046,0.0000,0.0000,raw/gain_vs_level/L4_900uVpp.npz,
L5_150uVpp_guard,gain_vs_level,18:09:07,88.5700,0.00536,0.028,0.000150,60.0,8.0,0.043964,293.09,49.340,1.6699,1.6919,1.6480,0.0189,0.0099,0.015456,0.000244,0.201,8046,0.0000,0.0000,raw/gain_vs_level/L5_150uVpp_guard.npz,
quiet_after,gain_vs_level,18:09:36,88.5700,0.00000,0.028,0.000000,20.0,8.0,0.000683,nan,,1.6739,1.6742,1.6735,0.5307,0.6324,0.015641,0.000247,0.213,8046,0.0000,0.0000,raw/gain_vs_level/quiet_after.npz,no drive
S0_40uVpp,gain_vs_level,18:46:32,88.5700,0.00143,0.028,0.000040,60.0,12.0,0.010991,274.79,48.780,1.6370,1.6425,1.6315,0.0154,0.0426,0.014303,0.000184,0.140,12141,0.0000,0.0000,raw/gain_vs_level/S0_40uVpp.npz,
S1_70uVpp,gain_vs_level,18:47:45,88.5700,0.00250,0.028,0.000070,60.0,12.0,0.019174,273.92,48.752,1.6399,1.6495,1.6303,0.0078,0.0160,0.014468,0.000186,-0.170,12142,0.0000,0.0000,raw/gain_vs_level/S1_70uVpp.npz,
S2_100uVpp,gain_vs_level,18:48:57,88.5700,0.00357,0.028,0.000100,60.0,12.0,0.027615,276.15,48.823,1.6225,1.6363,1.6087,0.0184,0.0111,0.014145,0.000182,-0.208,12142,0.0000,0.0000,raw/gain_vs_level/S2_100uVpp.npz,
S3_40uVpp_guard,gain_vs_level,18:50:10,88.5700,0.00143,0.028,0.000040,60.0,12.0,0.010685,267.11,48.534,1.6487,1.6540,1.6433,0.0507,0.0633,0.014565,0.000187,0.076,12142,0.0000,0.0000,raw/gain_vs_level/S3_40uVpp_guard.npz,
