t_s,vout_mean_v,vout_sem_v,expected_v,n_repeats
-0.2990,-0.0288951,0.0012223,-0.0100116,10
-0.2980,-0.0291031,0.0011557,-0.0101982,10
-0.2970,-0.0291085,0.0011063,-0.0101525,10
-0.2960,-0.0289025,0.0010783,-0.0098826,10
-0.2950,-0.0284850,0.0010721,-0.0094064,10
-0.2940,-0.0278627,0.0010836,-0.0087482,10
-0.2930,-0.0270477,0.0011066,-0.0079357,10
-0.2920,-0.0260561,0.0011346,-0.0069965,10
-0.2910,-0.0249059,0.0011623,-0.0059555,10
-0.2900,-0.0236169,0.0011867,-0.0048329,10
-0.2890,-0.0222091,0.0012068,-0.0036434,10
-0.2880,-0.0207026,0.0012235,-0.0023965,10
-0.2870,-0.0191180,0.0012385,-0.0010974,10
-0.2860,-0.0174759,0.0012538,0.0002512,10
-0.2850,-0.0157981,0.0012705,0.0016468,10
-0.2840,-0.0141076,0.0012889,0.0030852,10
-0.2830,-0.0124293,0.0013079,0.0045581,10
-0.2820,-0.0107902,0.0013257,0.0060513,10
-0.2810,-0.0092196,0.0013398,0.0075437,10
-0.2800,-0.0077487,0.0013481,0.0090069,10
-0.2790,-0.0064097,0.0013493,0.0104057,10
-0.2780,-0.0052348,0.0013431,0.0116992,10
-0.2770,-0.0042543,0.0013301,0.0128436,10
-0.2760,-0.0034947,0.0013121,0.0137952,10
-0.2750,-0.0029762,0.0012915,0.0145141,10
-0.2740,-0.0027108,0.0012706,0.0149675,10
-0.2730,-0.0027007,0.0012513,0.0151339,10
-0.2720,-0.0029363,0.0012348,0.0150056,10
-0.2710,-0.0033967,0.0012210,0.0145906,10
-0.2700,-0.0040491,0.0012085,0.0139136,10
-0.2690,-0.0048513,0.0011953,0.0130148,10
-0.2680,-0.0057526,0.0011788,0.0119484,10
-0.2670,-0.0066976,0.0011566,0.0107792,10
-0.2660,-0.0076293,0.0011266,0.0095781,10
-0.2650,-0.0084924,0.0010876,0.0084178,10
-0.2640,-0.0092371,0.0010397,0.0073676,10
-0.2630,-0.0098218,0.0009848,0.0064887,10
-0.2620,-0.0102163,0.0009272,0.0058302,10
-0.2610,-0.0104028,0.0008738,0.0054261,10
-0.2600,-0.0103772,0.0008342,0.0052931,10
-0.2590,-0.0101486,0.0008194,0.0054299,10
-0.2580,-0.0097379,0.0008377,0.0058176,10
-0.2570,-0.0091765,0.0008907,0.0064220,10
-0.2560,-0.0085029,0.0009723,0.0071960,10
-0.2550,-0.0077603,0.0010718,0.0080834,10
-0.2540,-0.0069930,0.0011775,0.0090231,10
-0.2530,-0.0062436,0.0012788,0.0099536,10
-0.2520,-0.0055501,0.0013672,0.0108169,10
-0.2510,-0.0049436,0.0014366,0.0115624,10
-0.2500,-0.0044472,0.0014828,0.0121502,10
-0.2490,-0.0040744,0.0015044,0.0125531,10
-0.2480,-0.0038294,0.0015020,0.0127572,10
-0.2470,-0.0037079,0.0014785,0.0127624,10
-0.2460,-0.0036978,0.0014384,0.0125807,10
-0.2450,-0.0037816,0.0013880,0.0122343,10
-0.2440,-0.0039377,0.0013343,0.0117535,10
-0.2430,-0.0041431,0.0012844,0.0111733,10
-0.2420,-0.0043750,0.0012443,0.0105311,10
-0.2410,-0.0046131,0.0012181,0.0098634,10
-0.2400,-0.0048409,0.0012071,0.0092037,10
-0.2390,-0.0050465,0.0012104,0.0085800,10
-0.2380,-0.0052236,0.0012249,0.0080136,10
-0.2370,-0.0053713,0.0012471,0.0075176,10
-0.2360,-0.0054939,0.0012737,0.0070970,10
-0.2350,-0.0056000,0.0013022,0.0067485,10
-0.2340,-0.0057016,0.0013307,0.0064618,10
-0.2330,-0.0058131,0.0013575,0.0062204,10
-0.2320,-0.0059498,0.0013811,0.0060033,10
-0.2310,-0.0061273,0.0013994,0.0057870,10
-0.2300,-0.0063600,0.0014101,0.0055470,10
-0.2290,-0.0066605,0.0014107,0.0052601,10
-0.2280,-0.0070393,0.0013987,0.0049056,10
-0.2270,-0.0075038,0.0013724,0.0044672,10
-0.2260,-0.0080582,0.0013311,0.0039341,10
-0.2250,-0.0087032,0.0012756,0.0033020,10
-0.2240,-0.0094358,0.0012084,0.0025730,10
-0.2230,-0.0102488,0.0011342,0.0017563,10
-0.2220,-0.0111309,0.0010589,0.0008669,10
-0.2210,-0.0120665,0.0009901,-0.0000743,10
-0.2200,-0.0130355,0.0009353,-0.0010423,10
-0.2190,-0.0140136,0.0009006,-0.0020088,10
-0.2180,-0.0149725,0.0008888,-0.0029439,10
-0.2170,-0.0158808,0.0008981,-0.0038174,10
-0.2160,-0.0167048,0.0009235,-0.0045999,10
-0.2150,-0.0174100,0.0009586,-0.0052641,10
-0.2140,-0.0179627,0.0009970,-0.0057858,10
-0.2130,-0.0183320,0.0010341,-0.0061445,10
-0.2120,-0.0184918,0.0010664,-0.0063246,10
-0.2110,-0.0184231,0.0010917,-0.0063156,10
-0.2100,-0.0181157,0.0011090,-0.0061134,10
-0.2090,-0.0175701,0.0011178,-0.0057203,10
-0.2080,-0.0167977,0.0011183,-0.0051459,10
-0.2070,-0.0158220,0.0011116,-0.0044065,10
-0.2060,-0.0146769,0.0010994,-0.0035257,10
-0.2050,-0.0134063,0.0010841,-0.0025328,10
-0.2040,-0.0120608,0.0010688,-0.0014622,10
-0.2030,-0.0106958,0.0010568,-0.0003517,10
-0.2020,-0.0093675,0.0010514,0.0007591,10
-0.2010,-0.0081300,0.0010554,0.0018310,10
-0.2000,-0.0070314,0.0010712,0.0028268,10
-0.1990,-0.0061117,0.0011004,0.0037138,10
-0.1980,-0.0053998,0.0011442,0.0044651,10
-0.1970,-0.0049127,0.0012033,0.0050611,10
-0.1960,-0.0046545,0.0012778,0.0054903,10
-0.1950,-0.0046170,0.0013669,0.0057495,10
-0.1940,-0.0047808,0.0014683,0.0058434,10
-0.1930,-0.0051171,0.0015782,0.0057837,10
-0.1920,-0.0055895,0.0016917,0.0055877,10
-0.1910,-0.0061569,0.0018024,0.0052776,10
-0.1900,-0.0067755,0.0019036,0.0048790,10
-0.1890,-0.0074014,0.0019888,0.0044201,10
-0.1880,-0.0079919,0.0020518,0.0039303,10
-0.1870,-0.0085081,0.0020872,0.0034396,10
-0.1860,-0.0089153,0.0020913,0.0029778,10
-0.1850,-0.0091846,0.0020616,0.0025734,10
-0.1840,-0.0092934,0.0019975,0.0022527,10
-0.1830,-0.0092264,0.0019000,0.0020394,10
-0.1820,-0.0089763,0.0017723,0.0019528,10
-0.1810,-0.0085440,0.0016194,0.0020074,10
-0.1800,-0.0079398,0.0014488,0.0022110,10
-0.1790,-0.0071835,0.0012705,0.0025632,10
-0.1780,-0.0063040,0.0010983,0.0030547,10
-0.1770,-0.0053396,0.0009499,0.0036656,10
-0.1760,-0.0043365,0.0008460,0.0043655,10
-0.1750,-0.0033471,0.0008030,0.0051142,10
-0.1740,-0.0024275,0.0008210,0.0058628,10
-0.1730,-0.0016348,0.0008816,0.0065561,10
-0.1720,-0.0010235,0.0009604,0.0071362,10
-0.1710,-0.0006418,0.0010383,0.0075459,10
-0.1700,-0.0005277,0.0011033,0.0077328,10
-0.1690,-0.0007058,0.0011500,0.0076542,10
-0.1680,-0.0011845,0.0011774,0.0072805,10
-0.1670,-0.0019543,0.0011880,0.0065988,10
-0.1660,-0.0029871,0.0011864,0.0056153,10
-0.1650,-0.0042372,0.0011783,0.0043564,10
-0.1640,-0.0056437,0.0011687,0.0028679,10
-0.1630,-0.0071339,0.0011611,0.0012123,10
-0.1620,-0.0086285,0.0011563,-0.0005351,10
-0.1610,-0.0100467,0.0011524,-0.0022912,10
-0.1600,-0.0113124,0.0011457,-0.0039717,10
-0.1590,-0.0123594,0.0011313,-0.0054973,10
-0.1580,-0.0131367,0.0011050,-0.0067992,10
-0.1570,-0.0136119,0.0010637,-0.0078246,10
-0.1560,-0.0137737,0.0010062,-0.0085400,10
-0.1550,-0.0136323,0.0009332,-0.0089339,10
-0.1540,-0.0132182,0.0008476,-0.0090167,10
-0.1530,-0.0125793,0.0007541,-0.0088193,10
-0.1520,-0.0117764,0.0006594,-0.0083901,10
-0.1510,-0.0108778,0.0005719,-0.0077898,10
-0.1500,-0.0099530,0.0005012,-0.0070860,10
-0.1490,-0.0090670,0.0004565,-0.0063465,10
-0.1480,-0.0082744,0.0004423,-0.0056334,10
-0.1470,-0.0076158,0.0004553,-0.0049978,10
-0.1460,-0.0071145,0.0004866,-0.0044753,10
-0.1450,-0.0067759,0.0005267,-0.0040839,10
-0.1440,-0.0065884,0.0005693,-0.0038234,10
-0.1430,-0.0065258,0.0006107,-0.0036769,10
-0.1420,-0.0065513,0.0006494,-0.0036140,10
-0.1410,-0.0066222,0.0006851,-0.0035951,10
-0.1400,-0.0066944,0.0007179,-0.0035767,10
-0.1390,-0.0067277,0.0007484,-0.0035168,10
-0.1380,-0.0066891,0.0007777,-0.0033791,10
-0.1370,-0.0065561,0.0008068,-0.0031376,10
-0.1360,-0.0063179,0.0008375,-0.0027783,10
-0.1350,-0.0059759,0.0008718,-0.0023010,10
-0.1340,-0.0055428,0.0009115,-0.0017181,10
-0.1330,-0.0050404,0.0009579,-0.0010539,10
-0.1320,-0.0044973,0.0010119,-0.0003411,10
-0.1310,-0.0039452,0.0010728,0.0003820,10
-0.1300,-0.0034159,0.0011391,0.0010758,10
-0.1290,-0.0029382,0.0012079,0.0017025,10
-0.1280,-0.0025356,0.0012757,0.0022298,10
-0.1270,-0.0022242,0.0013388,0.0026331,10
-0.1260,-0.0020123,0.0013929,0.0028977,10
-0.1250,-0.0019002,0.0014345,0.0030188,10
-0.1240,-0.0018811,0.0014604,0.0030016,10
-0.1230,-0.0019424,0.0014684,0.0028598,10
-0.1220,-0.0020680,0.0014574,0.0026136,10
-0.1210,-0.0022400,0.0014277,0.0022873,10
-0.1200,-0.0024404,0.0013811,0.0019071,10
-0.1190,-0.0026532,0.0013207,0.0014980,10
-0.1180,-0.0028649,0.0012512,0.0010822,10
-0.1170,-0.0030655,0.0011782,0.0006778,10
-0.1160,-0.0032487,0.0011076,0.0002977,10
-0.1150,-0.0034113,0.0010450,-0.0000504,10
-0.1140,-0.0035530,0.0009944,-0.0003636,10
-0.1130,-0.0036758,0.0009571,-0.0006433,10
-0.1120,-0.0037828,0.0009313,-0.0008937,10
-0.1110,-0.0038778,0.0009129,-0.0011210,10
-0.1100,-0.0039646,0.0008971,-0.0013320,10
-0.1090,-0.0040463,0.0008797,-0.0015331,10
-0.1080,-0.0041255,0.0008584,-0.0017295,10
-0.1070,-0.0042042,0.0008333,-0.0019246,10
-0.1060,-0.0042841,0.0008071,-0.0021198,10
-0.1050,-0.0043671,0.0007841,-0.0023149,10
-0.1040,-0.0044562,0.0007695,-0.0025085,10
-0.1030,-0.0045559,0.0007673,-0.0026997,10
-0.1020,-0.0046730,0.0007788,-0.0028884,10
-0.1010,-0.0048166,0.0008020,-0.0030775,10
-0.1000,-0.0049985,0.0008320,-0.0032733,10
-0.0990,-0.0052328,0.0008632,-0.0034866,10
-0.0980,-0.0055353,0.0008899,-0.0037327,10
-0.0970,-0.0059227,0.0009079,-0.0040311,10
-0.0960,-0.0064114,0.0009144,-0.0044051,10
-0.0950,-0.0070161,0.0009083,-0.0048797,10
-0.0940,-0.0077484,0.0008901,-0.0054801,10
-0.0930,-0.0086154,0.0008616,-0.0062287,10
-0.0920,-0.0096182,0.0008262,-0.0071435,10
-0.0910,-0.0107510,0.0007883,-0.0082348,10
-0.0900,-0.0120006,0.0007529,-0.0095036,10
-0.0890,-0.0133462,0.0007255,-0.0109400,10
-0.0880,-0.0147595,0.0007105,-0.0125229,10
-0.0870,-0.0162058,0.0007108,-0.0142199,10
-0.0860,-0.0176454,0.0007268,-0.0159886,10
-0.0850,-0.0190349,0.0007566,-0.0177786,10
-0.0840,-0.0203298,0.0007975,-0.0195339,10
-0.0830,-0.0214861,0.0008464,-0.0211962,10
-0.0820,-0.0224630,0.0009010,-0.0227080,10
-0.0810,-0.0232246,0.0009598,-0.0240164,10
-0.0800,-0.0237423,0.0010216,-0.0250758,10
-0.0790,-0.0239962,0.0010858,-0.0258506,10
-0.0780,-0.0239761,0.0011511,-0.0263177,10
-0.0770,-0.0236826,0.0012161,-0.0264670,10
-0.0760,-0.0231270,0.0012785,-0.0263024,10
-0.0750,-0.0223309,0.0013361,-0.0258408,10
-0.0740,-0.0213255,0.0013862,-0.0251114,10
-0.0730,-0.0201500,0.0014269,-0.0241537,10
-0.0720,-0.0188498,0.0014570,-0.0230149,10
-0.0710,-0.0174742,0.0014763,-0.0217478,10
-0.0700,-0.0160736,0.0014863,-0.0204077,10
-0.0690,-0.0146976,0.0014891,-0.0190496,10
-0.0680,-0.0133915,0.0014881,-0.0177253,10
-0.0670,-0.0121944,0.0014866,-0.0164811,10
-0.0660,-0.0111370,0.0014875,-0.0153552,10
-0.0650,-0.0102400,0.0014924,-0.0143766,10
-0.0640,-0.0095131,0.0015013,-0.0135628,10
-0.0630,-0.0089551,0.0015129,-0.0129205,10
-0.0620,-0.0085544,0.0015246,-0.0124444,10
-0.0610,-0.0082903,0.0015336,-0.0121189,10
-0.0600,-0.0081357,0.0015371,-0.0119193,10
-0.0590,-0.0080590,0.0015329,-0.0118140,10
-0.0580,-0.0080274,0.0015197,-0.0117676,10
-0.0570,-0.0080096,0.0014971,-0.0117439,10
-0.0560,-0.0079784,0.0014653,-0.0117096,10
-0.0550,-0.0079131,0.0014250,-0.0116368,10
-0.0540,-0.0078001,0.0013777,-0.0115060,10
-0.0530,-0.0076342,0.0013251,-0.0113074,10
-0.0520,-0.0074185,0.0012694,-0.0110413,10
-0.0510,-0.0071633,0.0012132,-0.0107181,10
-0.0500,-0.0068850,0.0011596,-0.0103569,10
-0.0490,-0.0066048,0.0011117,-0.0099838,10
-0.0480,-0.0063463,0.0010730,-0.0096290,10
-0.0470,-0.0061341,0.0010462,-0.0093248,10
-0.0460,-0.0059912,0.0010333,-0.0091025,10
-0.0450,-0.0059380,0.0010352,-0.0089899,10
-0.0440,-0.0059903,0.0010508,-0.0090094,10
-0.0430,-0.0061587,0.0010780,-0.0091760,10
-0.0420,-0.0064476,0.0011135,-0.0094967,10
-0.0410,-0.0068558,0.0011536,-0.0099704,10
-0.0400,-0.0073760,0.0011944,-0.0105885,10
-0.0390,-0.0079966,0.0012319,-0.0113364,10
-0.0380,-0.0087018,0.0012626,-0.0121949,10
-0.0370,-0.0094735,0.0012835,-0.0131424,10
-0.0360,-0.0102919,0.0012924,-0.0141562,10
-0.0350,-0.0111368,0.0012877,-0.0152141,10
-0.0340,-0.0119885,0.0012692,-0.0162952,10
-0.0330,-0.0128282,0.0012374,-0.0173806,10
-0.0320,-0.0136391,0.0011941,-0.0184530,10
-0.0310,-0.0144058,0.0011419,-0.0194972,10
-0.0300,-0.0151155,0.0010840,-0.0204991,10
-0.0290,-0.0157571,0.0010239,-0.0214456,10
-0.0280,-0.0163219,0.0009653,-0.0223243,10
-0.0270,-0.0168031,0.0009111,-0.0231229,10
-0.0260,-0.0171956,0.0008635,-0.0238296,10
-0.0250,-0.0174960,0.0008234,-0.0244327,10
-0.0240,-0.0177019,0.0007911,-0.0249214,10
-0.0230,-0.0178124,0.0007662,-0.0252858,10
-0.0220,-0.0178269,0.0007480,-0.0255174,10
-0.0210,-0.0177454,0.0007366,-0.0256096,10
-0.0200,-0.0175679,0.0007323,-0.0255577,10
-0.0190,-0.0172943,0.0007358,-0.0253590,10
-0.0180,-0.0169236,0.0007475,-0.0250129,10
-0.0170,-0.0164538,0.0007668,-0.0245202,10
-0.0160,-0.0158815,0.0007922,-0.0238832,10
-0.0150,-0.0152011,0.0008209,-0.0231044,10
-0.0140,-0.0144047,0.0008501,-0.0221862,10
-0.0130,-0.0134818,0.0008770,-0.0211295,10
-0.0120,-0.0124191,0.0009001,-0.0199328,10
-0.0110,-0.0112012,0.0009193,-0.0185919,10
-0.0100,-0.0098109,0.0009372,-0.0170996,10
-0.0090,-0.0082305,0.0009585,-0.0154457,10
-0.0080,-0.0064436,0.0009902,-0.0136185,10
-0.0070,-0.0044364,0.0010398,-0.0116063,10
-0.0060,-0.0021999,0.0011139,-0.0093989,10
-0.0050,0.0002686,0.0012153,-0.0069902,10
-0.0040,0.0029635,0.0013426,-0.0043800,10
-0.0030,0.0058706,0.0014906,-0.0015755,10
-0.0020,0.0089666,0.0016515,0.0014077,10
-0.0010,0.0122192,0.0018164,0.0045450,10
0.0000,0.0155887,0.0019761,0.0078034,10
0.0010,0.0190299,0.0021219,0.0111425,10
0.0020,0.0224941,0.0022462,0.0145164,10
0.0030,0.0259321,0.0023424,0.0178770,10
0.0040,0.0292964,0.0024055,0.0211764,10
0.0050,0.0325442,0.0024322,0.0243702,10
0.0060,0.0356386,0.0024208,0.0274207,10
0.0070,0.0385499,0.0023715,0.0302987,10
0.0080,0.0412564,0.0022864,0.0329848,10
0.0090,0.0437435,0.0021692,0.0354696,10
0.0100,0.0460034,0.0020254,0.0377530,10
0.0110,0.0480337,0.0018623,0.0398419,10
0.0120,0.0498361,0.0016891,0.0417484,10
0.0130,0.0514157,0.0015164,0.0434869,10
0.0140,0.0527794,0.0013568,0.0450719,10
0.0150,0.0539361,0.0012231,0.0465159,10
0.0160,0.0548961,0.0011267,0.0478282,10
0.0170,0.0556719,0.0010727,0.0490145,10
0.0180,0.0562781,0.0010572,0.0500774,10
0.0190,0.0567327,0.0010678,0.0510181,10
0.0200,0.0570578,0.0010886,0.0518384,10
0.0210,0.0572801,0.0011052,0.0525436,10
0.0220,0.0574314,0.0011070,0.0531446,10
0.0230,0.0575485,0.0010882,0.0536602,10
0.0240,0.0576724,0.0010474,0.0541185,10
0.0250,0.0578473,0.0009878,0.0545569,10
0.0260,0.0581189,0.0009175,0.0550214,10
0.0270,0.0585321,0.0008495,0.0555639,10
0.0280,0.0591281,0.0008014,0.0562393,10
0.0290,0.0599418,0.0007910,0.0571017,10
0.0300,0.0609987,0.0008275,0.0581989,10
0.0310,0.0623115,0.0009060,0.0595681,10
0.0320,0.0638784,0.0010115,0.0612309,10
0.0330,0.0656802,0.0011274,0.0631894,10
0.0340,0.0676801,0.0012397,0.0654225,10
0.0350,0.0698228,0.0013380,0.0678852,10
0.0360,0.0720364,0.0014153,0.0705080,10
0.0370,0.0742338,0.0014675,0.0731994,10
0.0380,0.0763167,0.0014929,0.0758492,10
0.0390,0.0781798,0.0014922,0.0783339,10
0.0400,0.0797161,0.0014681,0.0805235,10
0.0410,0.0808227,0.0014255,0.0822878,10
0.0420,0.0814070,0.0013709,0.0835050,10
0.0430,0.0813926,0.0013124,0.0840688,10
0.0440,0.0807249,0.0012588,0.0838953,10
0.0450,0.0793758,0.0012182,0.0829302,10
0.0460,0.0773469,0.0011967,0.0811529,10
0.0470,0.0746719,0.0011964,0.0785802,10
0.0480,0.0714162,0.0012149,0.0752674,10
0.0490,0.0676754,0.0012464,0.0713072,10
0.0500,0.0635720,0.0012836,0.0668259,10
0.0510,0.0592496,0.0013193,0.0619779,10
0.0520,0.0548661,0.0013477,0.0569380,10
0.0530,0.0505858,0.0013646,0.0518922,10
0.0540,0.0465707,0.0013680,0.0470279,10
0.0550,0.0429710,0.0013576,0.0425237,10
0.0560,0.0399172,0.0013345,0.0385395,10
0.0570,0.0375118,0.0013007,0.0352072,10
0.0580,0.0358232,0.0012585,0.0326237,10
0.0590,0.0348814,0.0012102,0.0308450,10
0.0600,0.0346756,0.0011572,0.0298832,10
0.0610,0.0351544,0.0011006,0.0297056,10
0.0620,0.0362288,0.0010408,0.0302370,10
0.0630,0.0377767,0.0009784,0.0313643,10
0.0640,0.0396505,0.0009146,0.0329431,10
0.0650,0.0416855,0.0008526,0.0348068,10
0.0660,0.0437102,0.0007975,0.0367762,10
0.0670,0.0455565,0.0007563,0.0386708,10
0.0680,0.0470698,0.0007356,0.0403195,10
0.0690,0.0481180,0.0007391,0.0415707,10
0.0700,0.0485996,0.0007643,0.0423018,10
0.0710,0.0484487,0.0008036,0.0424256,10
0.0720,0.0476380,0.0008467,0.0418953,10
0.0730,0.0461800,0.0008837,0.0407059,10
0.0740,0.0441244,0.0009064,0.0388934,10
0.0750,0.0415546,0.0009099,0.0365312,10
0.0760,0.0385811,0.0008919,0.0337239,10
0.0770,0.0353342,0.0008540,0.0306001,10
0.0780,0.0319554,0.0008018,0.0273036,10
0.0790,0.0285887,0.0007459,0.0239843,10
0.0800,0.0253722,0.0007026,0.0207884,10
0.0810,0.0224304,0.0006917,0.0178502,10
0.0820,0.0198678,0.0007282,0.0152843,10
0.0830,0.0177650,0.0008132,0.0131800,10
0.0840,0.0161758,0.0009353,0.0115975,10
0.0850,0.0151262,0.0010790,0.0105664,10
0.0860,0.0146162,0.0012305,0.0100865,10
0.0870,0.0146217,0.0013797,0.0101309,10
0.0880,0.0150992,0.0015193,0.0106500,10
0.0890,0.0159900,0.0016447,0.0115773,10
0.0900,0.0172260,0.0017535,0.0128359,10
0.0910,0.0187347,0.0018457,0.0143443,10
0.0920,0.0204448,0.0019224,0.0160234,10
0.0930,0.0222908,0.0019864,0.0178017,10
0.0940,0.0242163,0.0020407,0.0196200,10
0.0950,0.0261769,0.0020886,0.0214345,10
0.0960,0.0281416,0.0021322,0.0232185,10
0.0970,0.0300927,0.0021725,0.0249627,10
0.0980,0.0320250,0.0022090,0.0266733,10
0.0990,0.0339433,0.0022401,0.0283695,10
0.1000,0.0358592,0.0022629,0.0300793,10
0.1010,0.0377878,0.0022745,0.0318349,10
0.1020,0.0397429,0.0022722,0.0336671,10
0.1030,0.0417330,0.0022538,0.0356001,10
0.1040,0.0437578,0.0022178,0.0376459,10
0.1050,0.0458041,0.0021638,0.0398005,10
0.1060,0.0478445,0.0020920,0.0420403,10
0.1070,0.0498356,0.0020036,0.0443204,10
0.1080,0.0517193,0.0019005,0.0465753,10
0.1090,0.0534240,0.0017855,0.0487203,10
0.1100,0.0548687,0.0016626,0.0506560,10
0.1110,0.0559678,0.0015367,0.0522735,10
0.1120,0.0566367,0.0014140,0.0534616,10
0.1130,0.0567982,0.0013020,0.0541148,10
0.1140,0.0563890,0.0012082,0.0541408,10
0.1150,0.0553658,0.0011395,0.0534685,10
0.1160,0.0537100,0.0011001,0.0520545,10
0.1170,0.0514321,0.0010901,0.0498878,10
0.1180,0.0485731,0.0011058,0.0469935,10
0.1190,0.0452051,0.0011414,0.0434333,10
0.1200,0.0414288,0.0011910,0.0393046,10
0.1210,0.0373706,0.0012506,0.0347376,10
0.1220,0.0331758,0.0013183,0.0298897,10
0.1230,0.0290023,0.0013935,0.0249385,10
0.1240,0.0250121,0.0014767,0.0200736,10
0.1250,0.0213631,0.0015680,0.0154866,10
0.1260,0.0182004,0.0016664,0.0113613,10
0.1270,0.0156489,0.0017698,0.0078637,10
0.1280,0.0138068,0.0018748,0.0051335,10
0.1290,0.0127406,0.0019774,0.0032763,10
0.1300,0.0124824,0.0020729,0.0023592,10
0.1310,0.0130283,0.0021570,0.0024071,10
0.1320,0.0143390,0.0022259,0.0034024,10
0.1330,0.0163424,0.0022766,0.0052860,10
0.1340,0.0189372,0.0023067,0.0079611,10
0.1350,0.0219972,0.0023153,0.0112976,10
0.1360,0.0253777,0.0023020,0.0151384,10
0.1370,0.0289218,0.0022677,0.0193070,10
0.1380,0.0324665,0.0022144,0.0236148,10
0.1390,0.0358502,0.0021446,0.0278698,10
0.1400,0.0389195,0.0020618,0.0318850,10
0.1410,0.0415348,0.0019701,0.0354858,10
0.1420,0.0435771,0.0018735,0.0385174,10
0.1430,0.0449524,0.0017757,0.0408511,10
0.1440,0.0455960,0.0016798,0.0423894,10
0.1450,0.0454753,0.0015875,0.0430692,10
0.1460,0.0445911,0.0014995,0.0428647,10
0.1470,0.0429781,0.0014152,0.0417880,10
0.1480,0.0407029,0.0013338,0.0398880,10
0.1490,0.0378613,0.0012543,0.0372481,10
0.1500,0.0345742,0.0011768,0.0339828,10
0.1510,0.0309818,0.0011020,0.0302325,10
0.1520,0.0272379,0.0010317,0.0261572,10
0.1530,0.0235023,0.0009684,0.0219300,10
0.1540,0.0199338,0.0009139,0.0177293,10
0.1550,0.0166828,0.0008691,0.0137312,10
0.1560,0.0138839,0.0008334,0.0101017,10
0.1570,0.0116499,0.0008047,0.0069892,10
0.1580,0.0100665,0.0007805,0.0045181,10
0.1590,0.0091876,0.0007594,0.0027828,10
0.1600,0.0090332,0.0007411,0.0018437,10
0.1610,0.0095882,0.0007276,0.0017239,10
0.1620,0.0108031,0.0007221,0.0024084,10
0.1630,0.0125962,0.0007275,0.0038442,10
0.1640,0.0148577,0.0007451,0.0059426,10
0.1650,0.0174546,0.0007731,0.0085828,10
0.1660,0.0202371,0.0008072,0.0116168,10
0.1670,0.0230457,0.0008417,0.0148763,10
0.1680,0.0257188,0.0008711,0.0181797,10
0.1690,0.0281003,0.0008918,0.0213412,10
0.1700,0.0300471,0.0009024,0.0241793,10
0.1710,0.0314365,0.0009049,0.0265265,10
0.1720,0.0321719,0.0009042,0.0282379,10
0.1730,0.0321884,0.0009077,0.0291996,10
0.1740,0.0314563,0.0009236,0.0293353,10
0.1750,0.0299832,0.0009582,0.0286107,10
0.1760,0.0278147,0.0010133,0.0270369,10
0.1770,0.0250322,0.0010856,0.0246698,10
0.1780,0.0217499,0.0011681,0.0216083,10
0.1790,0.0181090,0.0012522,0.0179891,10
0.1800,0.0142714,0.0013292,0.0139796,10
0.1810,0.0104109,0.0013915,0.0097695,10
0.1820,0.0067043,0.0014333,0.0055601,10
0.1830,0.0033218,0.0014503,0.0015533,10
0.1840,0.0004181,0.0014400,-0.0020595,10
0.1850,-0.0018770,0.0014021,-0.0051086,10
0.1860,-0.0034649,0.0013374,-0.0074551,10
0.1870,-0.0042844,0.0012488,-0.0089989,10
0.1880,-0.0043144,0.0011403,-0.0096839,10
0.1890,-0.0035749,0.0010172,-0.0095005,10
0.1900,-0.0021254,0.0008862,-0.0084855,10
0.1910,-0.0000606,0.0007552,-0.0067189,10
0.1920,0.0024953,0.0006342,-0.0043178,10
0.1930,0.0053966,0.0005362,-0.0014285,10
0.1940,0.0084851,0.0004767,0.0017826,10
0.1950,0.0115991,0.0004679,0.0051397,10
0.1960,0.0145831,0.0005079,0.0084682,10
0.1970,0.0172960,0.0005824,0.0116042,10
0.1980,0.0196185,0.0006768,0.0144030,10
0.1990,0.0214586,0.0007815,0.0167465,10
0.2000,0.0227551,0.0008909,0.0185475,10
0.2010,0.0234792,0.0010015,0.0197526,10
0.2020,0.0236340,0.0011103,0.0203425,10
0.2030,0.0232522,0.0012147,0.0203314,10
0.2040,0.0223920,0.0013123,0.0197630,10
0.2050,0.0211327,0.0014011,0.0187066,10
0.2060,0.0195685,0.0014794,0.0172521,10
0.2070,0.0178023,0.0015465,0.0155032,10
0.2080,0.0159405,0.0016026,0.0135721,10
0.2090,0.0140868,0.0016488,0.0115732,10
0.2100,0.0123371,0.0016870,0.0096179,10
0.2110,0.0107760,0.0017194,0.0078097,10
0.2120,0.0094729,0.0017477,0.0062402,10
0.2130,0.0084805,0.0017730,0.0049858,10
0.2140,0.0078329,0.0017953,0.0041053,10
0.2150,0.0075454,0.0018131,0.0036378,10
0.2160,0.0076152,0.0018239,0.0036017,10
0.2170,0.0080220,0.0018246,0.0039944,10
0.2180,0.0087298,0.0018120,0.0047926,10
0.2190,0.0096891,0.0017834,0.0059535,10
0.2200,0.0108388,0.0017373,0.0074168,10
0.2210,0.0121091,0.0016734,0.0091069,10
0.2220,0.0134244,0.0015928,0.0109363,10
0.2230,0.0147057,0.0014984,0.0128092,10
0.2240,0.0158741,0.0013944,0.0146250,10
0.2250,0.0168530,0.0012869,0.0162832,10
0.2260,0.0175712,0.0011830,0.0176867,10
0.2270,0.0179649,0.0010913,0.0187464,10
0.2280,0.0179798,0.0010206,0.0193835,10
0.2290,0.0175726,0.0009786,0.0195330,10
0.2300,0.0167120,0.0009689,0.0191442,10
0.2310,0.0153794,0.0009894,0.0181826,10
0.2320,0.0135691,0.0010330,0.0166298,10
0.2330,0.0112875,0.0010901,0.0144830,10
0.2340,0.0085532,0.0011510,0.0117550,10
0.2350,0.0053947,0.0012079,0.0084727,10
0.2360,0.0018498,0.0012546,0.0046758,10
0.2370,-0.0020367,0.0012875,0.0004153,10
0.2380,-0.0062146,0.0013046,-0.0042492,10
0.2390,-0.0106299,0.0013061,-0.0092507,10
0.2400,-0.0152259,0.0012942,-0.0145173,10
0.2410,-0.0199447,0.0012731,-0.0199738,10
0.2420,-0.0247271,0.0012482,-0.0255424,10
0.2430,-0.0295138,0.0012263,-0.0311444,10
0.2440,-0.0342444,0.0012137,-0.0367001,10
0.2450,-0.0388586,0.0012149,-0.0421300,10
0.2460,-0.0432956,0.0012317,-0.0473554,10
0.2470,-0.0474948,0.0012619,-0.0522990,10
0.2480,-0.0513962,0.0013008,-0.0568864,10
0.2490,-0.0549417,0.0013418,-0.0610473,10
0.2500,-0.0580761,0.0013780,-0.0647172,10
0.2510,-0.0607494,0.0014034,-0.0678391,10
0.2520,-0.0629186,0.0014133,-0.0703655,10
0.2530,-0.0645505,0.0014045,-0.0722607,10
0.2540,-0.0656247,0.0013761,-0.0735029,10
0.2550,-0.0661357,0.0013290,-0.0740863,10
0.2560,-0.0660959,0.0012666,-0.0740233,10
0.2570,-0.0655371,0.0011945,-0.0733458,10
0.2580,-0.0645117,0.0011210,-0.0721067,10
0.2590,-0.0630917,0.0010561,-0.0703794,10
0.2600,-0.0613678,0.0010106,-0.0682574,10
0.2610,-0.0594457,0.0009933,-0.0658514,10
0.2620,-0.0574419,0.0010082,-0.0632857,10
0.2630,-0.0554778,0.0010530,-0.0606931,10
0.2640,-0.0536731,0.0011209,-0.0582086,10
0.2650,-0.0521392,0.0012036,-0.0559626,10
0.2660,-0.0509724,0.0012935,-0.0540738,10
0.2670,-0.0502474,0.0013849,-0.0526420,10
0.2680,-0.0500134,0.0014736,-0.0517425,10
0.2690,-0.0502896,0.0015568,-0.0514208,10
0.2700,-0.0510646,0.0016321,-0.0516893,10
0.2710,-0.0522968,0.0016973,-0.0525260,10
0.2720,-0.0539170,0.0017506,-0.0538758,10
0.2730,-0.0558328,0.0017903,-0.0556532,10
0.2740,-0.0579353,0.0018151,-0.0577478,10
0.2750,-0.0601057,0.0018248,-0.0600317,10
0.2760,-0.0622239,0.0018204,-0.0623677,10
0.2770,-0.0641754,0.0018043,-0.0646180,10
0.2780,-0.0658597,0.0017804,-0.0666535,10
0.2790,-0.0671956,0.0017539,-0.0683615,10
0.2800,-0.0681264,0.0017306,-0.0696534,10
0.2810,-0.0686228,0.0017163,-0.0704694,10
0.2820,-0.0686840,0.0017152,-0.0707822,10
0.2830,-0.0683362,0.0017297,-0.0705977,10
0.2840,-0.0676308,0.0017590,-0.0699542,10
0.2850,-0.0666390,0.0017999,-0.0689183,10
0.2860,-0.0654466,0.0018474,-0.0675790,10
0.2870,-0.0641473,0.0018954,-0.0660412,10
0.2880,-0.0628356,0.0019378,-0.0644165,10
0.2890,-0.0616000,0.0019693,-0.0628155,10
0.2900,-0.0605164,0.0019855,-0.0613390,10
0.2910,-0.0596426,0.0019836,-0.0600713,10
0.2920,-0.0590146,0.0019621,-0.0590738,10
0.2930,-0.0586437,0.0019207,-0.0583814,10
0.2940,-0.0585159,0.0018606,-0.0579997,10
0.2950,-0.0585930,0.0017837,-0.0579052,10
0.2960,-0.0588157,0.0016927,-0.0580472,10
0.2970,-0.0591080,0.0015909,-0.0583513,10
0.2980,-0.0593829,0.0014815,-0.0587253,10
0.2990,-0.0595493,0.0013680,-0.0590659,10
0.3000,-0.0595191,0.0012536,-0.0592661,10
0.3010,-0.0592142,0.0011417,-0.0592239,10
0.3020,-0.0585728,0.0010357,-0.0588494,10
0.3030,-0.0575543,0.0009398,-0.0580725,10
0.3040,-0.0561434,0.0008590,-0.0568482,10
0.3050,-0.0543516,0.0007992,-0.0551610,10
0.3060,-0.0522166,0.0007657,-0.0530264,10
0.3070,-0.0498008,0.0007616,-0.0504914,10
0.3080,-0.0471865,0.0007851,-0.0476314,10
0.3090,-0.0444709,0.0008297,-0.0445463,10
0.3100,-0.0417594,0.0008863,-0.0413541,10
0.3110,-0.0391584,0.0009454,-0.0381829,10
0.3120,-0.0367680,0.0009988,-0.0351631,10
0.3130,-0.0346759,0.0010400,-0.0324182,10
0.3140,-0.0329512,0.0010647,-0.0300566,10
0.3150,-0.0316407,0.0010707,-0.0281647,10
0.3160,-0.0307659,0.0010586,-0.0268010,10
0.3170,-0.0303222,0.0010316,-0.0259926,10
0.3180,-0.0302803,0.0009959,-0.0257336,10
0.3190,-0.0305885,0.0009606,-0.0259864,10
0.3200,-0.0311773,0.0009368,-0.0266844,10
0.3210,-0.0319643,0.0009350,-0.0277373,10
0.3220,-0.0328601,0.0009620,-0.0290377,10
0.3230,-0.0337751,0.0010173,-0.0304678,10
0.3240,-0.0346247,0.0010941,-0.0319083,10
0.3250,-0.0353353,0.0011823,-0.0332453,10
0.3260,-0.0358485,0.0012710,-0.0343779,10
0.3270,-0.0361245,0.0013509,-0.0352245,10
0.3280,-0.0361436,0.0014148,-0.0357276,10
0.3290,-0.0359071,0.0014573,-0.0358566,10
0.3300,-0.0354356,0.0014757,-0.0356101,10
0.3310,-0.0347670,0.0014688,-0.0350144,10
0.3320,-0.0339532,0.0014376,-0.0341217,10
0.3330,-0.0330554,0.0013852,-0.0330052,10
0.3340,-0.0321400,0.0013167,-0.0317542,10
0.3350,-0.0312734,0.0012396,-0.0304669,10
0.3360,-0.0305177,0.0011635,-0.0292437,10
0.3370,-0.0299262,0.0011001,-0.0281801,10
0.3380,-0.0295405,0.0010609,-0.0273604,10
0.3390,-0.0293868,0.0010541,-0.0268515,10
0.3400,-0.0294749,0.0010813,-0.0266990,10
0.3410,-0.0297967,0.0011362,-0.0269232,10
0.3420,-0.0303265,0.0012079,-0.0275174,10
0.3430,-0.0310220,0.0012844,-0.0284477,10
0.3440,-0.0318261,0.0013555,-0.0296538,10
0.3450,-0.0326696,0.0014134,-0.0310519,10
0.3460,-0.0334748,0.0014539,-0.0325394,10
0.3470,-0.0341591,0.0014759,-0.0339999,10
0.3480,-0.0346399,0.0014811,-0.0353100,10
0.3490,-0.0348387,0.0014740,-0.0363466,10
0.3500,-0.0346859,0.0014614,-0.0369936,10
0.3510,-0.0341245,0.0014507,-0.0371491,10
0.3520,-0.0331143,0.0014490,-0.0367313,10
0.3530,-0.0316345,0.0014610,-0.0356833,10
0.3540,-0.0296857,0.0014880,-0.0339777,10
0.3550,-0.0272911,0.0015273,-0.0316185,10
0.3560,-0.0244961,0.0015738,-0.0286423,10
0.3570,-0.0213671,0.0016209,-0.0251174,10
0.3580,-0.0179893,0.0016621,-0.0211412,10
0.3590,-0.0144631,0.0016924,-0.0168365,10
0.3600,-0.0109003,0.0017082,-0.0123456,10
0.3610,-0.0074191,0.0017077,-0.0078241,10
0.3620,-0.0041389,0.0016906,-0.0034333,10
0.3630,-0.0011750,0.0016576,0.0006666,10
0.3640,0.0013666,0.0016104,0.0043244,10
0.3650,0.0033941,0.0015511,0.0074045,10
0.3660,0.0048339,0.0014820,0.0097927,10
0.3670,0.0056340,0.0014057,0.0114014,10
0.3680,0.0057660,0.0013254,0.0121728,10
0.3690,0.0052261,0.0012442,0.0120810,10
0.3700,0.0040348,0.0011662,0.0111325,10
0.3710,0.0022360,0.0010955,0.0093646,10
0.3720,-0.0001059,0.0010362,0.0068433,10
0.3730,-0.0029085,0.0009919,0.0036596,10
0.3740,-0.0060758,0.0009642,-0.0000756,10
0.3750,-0.0095015,0.0009528,-0.0042356,10
0.3760,-0.0130745,0.0009550,-0.0086842,10
0.3770,-0.0166821,0.0009667,-0.0132798,10
0.3780,-0.0202151,0.0009832,-0.0178811,10
0.3790,-0.0235713,0.0010005,-0.0223519,10
0.3800,-0.0266587,0.0010155,-0.0265647,10
0.3810,-0.0293985,0.0010258,-0.0304055,10
0.3820,-0.0317272,0.0010305,-0.0337762,10
0.3830,-0.0335981,0.0010289,-0.0365980,10
0.3840,-0.0349817,0.0010211,-0.0388127,10
0.3850,-0.0358665,0.0010072,-0.0403843,10
0.3860,-0.0362579,0.0009874,-0.0412989,10
0.3870,-0.0361775,0.0009616,-0.0415647,10
0.3880,-0.0356616,0.0009298,-0.0412104,10
0.3890,-0.0347592,0.0008917,-0.0402840,10
0.3900,-0.0335299,0.0008473,-0.0388502,10
0.3910,-0.0320413,0.0007965,-0.0369879,10
0.3920,-0.0303663,0.0007404,-0.0347867,10
0.3930,-0.0285800,0.0006809,-0.0323437,10
0.3940,-0.0267572,0.0006222,-0.0297599,10
0.3950,-0.0249685,0.0005716,-0.0271354,10
0.3960,-0.0232784,0.0005394,-0.0245663,10
0.3970,-0.0217421,0.0005370,-0.0221400,10
0.3980,-0.0204034,0.0005715,-0.0199318,10
0.3990,-0.0192933,0.0006407,-0.0180022,10
0.4000,-0.0184291,0.0007358,-0.0163941,10
0.4010,-0.0178142,0.0008463,-0.0151317,10
0.4020,-0.0174385,0.0009630,-0.0142202,10
0.4030,-0.0172803,0.0010785,-0.0136469,10
0.4040,-0.0173083,0.0011870,-0.0133824,10
0.4050,-0.0174841,0.0012840,-0.0133840,10
0.4060,-0.0177651,0.0013660,-0.0135987,10
0.4070,-0.0181085,0.0014310,-0.0139676,10
0.4080,-0.0184734,0.0014776,-0.0144304,10
0.4090,-0.0188245,0.0015057,-0.0149292,10
0.4100,-0.0191336,0.0015161,-0.0154127,10
0.4110,-0.0193816,0.0015103,-0.0158397,10
0.4120,-0.0195592,0.0014908,-0.0161808,10
0.4130,-0.0196663,0.0014605,-0.0164201,10
0.4140,-0.0197116,0.0014231,-0.0165551,10
0.4150,-0.0197104,0.0013823,-0.0165954,10
0.4160,-0.0196826,0.0013424,-0.0165612,10
0.4170,-0.0196503,0.0013074,-0.0164795,10
0.4180,-0.0196349,0.0012807,-0.0163818,10
0.4190,-0.0196546,0.0012648,-0.0162996,10
0.4200,-0.0197225,0.0012609,-0.0162611,10
0.4210,-0.0198449,0.0012679,-0.0162878,10
0.4220,-0.0200198,0.0012830,-0.0163921,10
0.4230,-0.0202370,0.0013017,-0.0165747,10
0.4240,-0.0204778,0.0013188,-0.0168242,10
0.4250,-0.0207166,0.0013287,-0.0171171,10
0.4260,-0.0209215,0.0013264,-0.0174188,10
0.4270,-0.0210572,0.0013084,-0.0176862,10
0.4280,-0.0210868,0.0012726,-0.0178709,10
0.4290,-0.0209745,0.0012193,-0.0179230,10
0.4300,-0.0206882,0.0011513,-0.0177948,10
0.4310,-0.0202020,0.0010746,-0.0174451,10
0.4320,-0.0194978,0.0009984,-0.0168424,10
0.4330,-0.0185672,0.0009343,-0.0159676,10
0.4340,-0.0174121,0.0008949,-0.0148158,10
0.4350,-0.0160453,0.0008891,-0.0133971,10
0.4360,-0.0144895,0.0009179,-0.0117359,10
0.4370,-0.0127769,0.0009737,-0.0098698,10
0.4380,-0.0109471,0.0010445,-0.0078473,10
0.4390,-0.0090452,0.0011182,-0.0057245,10
0.4400,-0.0071199,0.0011853,-0.0035627,10
0.4410,-0.0052206,0.0012391,-0.0014241,10
0.4420,-0.0033955,0.0012760,0.0006307,10
0.4430,-0.0016897,0.0012947,0.0025458,10
0.4440,-0.0001434,0.0012956,0.0042722,10
0.4450,0.0012096,0.0012808,0.0057696,10
0.4460,0.0023421,0.0012534,0.0070071,10
0.4470,0.0032350,0.0012176,0.0079641,10
0.4480,0.0038769,0.0011778,0.0086293,10
0.4490,0.0042644,0.0011393,0.0090011,10
0.4500,0.0044026,0.0011071,0.0090865,10
0.4510,0.0043046,0.0010856,0.0089004,10
0.4520,0.0039911,0.0010778,0.0084656,10
0.4530,0.0034905,0.0010849,0.0078121,10
0.4540,0.0028377,0.0011054,0.0069768,10
0.4550,0.0020736,0.0011360,0.0060031,10
0.4560,0.0012429,0.0011721,0.0049398,10
0.4570,0.0003933,0.0012088,0.0038399,10
0.4580,-0.0004269,0.0012415,0.0027586,10
0.4590,-0.0011711,0.0012666,0.0017516,10
0.4600,-0.0017961,0.0012817,0.0008718,10
0.4610,-0.0022641,0.0012855,0.0001673,10
0.4620,-0.0025451,0.0012778,-0.0003215,10
0.4630,-0.0026177,0.0012595,-0.0005640,10
0.4640,-0.0024702,0.0012324,-0.0005410,10
0.4650,-0.0021015,0.0011992,-0.0002461,10
0.4660,-0.0015204,0.0011634,0.0003142,10
0.4670,-0.0007451,0.0011294,0.0011203,10
0.4680,0.0001980,0.0011022,0.0021413,10
0.4690,0.0012759,0.0010870,0.0033362,10
0.4700,0.0024512,0.0010882,0.0046569,10
0.4710,0.0036843,0.0011088,0.0060508,10
0.4720,0.0049352,0.0011487,0.0074647,10
0.4730,0.0061655,0.0012052,0.0088472,10
0.4740,0.0073400,0.0012734,0.0101521,10
0.4750,0.0084280,0.0013474,0.0113403,10
0.4760,0.0094039,0.0014210,0.0123814,10
0.4770,0.0102476,0.0014883,0.0132548,10
0.4780,0.0109453,0.0015445,0.0139490,10
0.4790,0.0114888,0.0015856,0.0144621,10
0.4800,0.0118755,0.0016088,0.0148003,10
0.4810,0.0121085,0.0016125,0.0149768,10
0.4820,0.0121953,0.0015961,0.0150100,10
0.4830,0.0121482,0.0015603,0.0149221,10
0.4840,0.0119829,0.0015066,0.0147376,10
0.4850,0.0117179,0.0014375,0.0144813,10
0.4860,0.0113738,0.0013562,0.0141776,10
0.4870,0.0109721,0.0012666,0.0138487,10
0.4880,0.0105346,0.0011728,0.0135145,10
0.4890,0.0100823,0.0010793,0.0131913,10
0.4900,0.0096350,0.0009901,0.0128921,10
0.4910,0.0092103,0.0009088,0.0126261,10
0.4920,0.0088231,0.0008380,0.0123989,10
0.4930,0.0084858,0.0007791,0.0122131,10
0.4940,0.0082074,0.0007325,0.0120683,10
0.4950,0.0079937,0.0006981,0.0119620,10
0.4960,0.0078476,0.0006764,0.0118897,10
0.4970,0.0077692,0.0006684,0.0118460,10
0.4980,0.0077562,0.0006761,0.0118244,10
0.4990,0.0078047,0.0007017,0.0118187,10
0.5000,0.0079092,0.0007456,0.0118226,10
0.5010,0.0080634,0.0008065,0.0118303,10
0.5020,0.0082604,0.0008807,0.0118369,10
0.5030,0.0084929,0.0009631,0.0118384,10
0.5040,0.0087534,0.0010480,0.0118317,10
0.5050,0.0090339,0.0011299,0.0118149,10
0.5060,0.0093261,0.0012041,0.0117867,10
0.5070,0.0096210,0.0012670,0.0117470,10
0.5080,0.0099090,0.0013166,0.0116963,10
0.5090,0.0101801,0.0013523,0.0116356,10
0.5100,0.0104236,0.0013758,0.0115665,10
0.5110,0.0106293,0.0013902,0.0114906,10
0.5120,0.0107871,0.0013999,0.0114099,10
0.5130,0.0108885,0.0014098,0.0113263,10
0.5140,0.0109269,0.0014246,0.0112414,10
0.5150,0.0108983,0.0014469,0.0111569,10
0.5160,0.0108022,0.0014767,0.0110740,10
0.5170,0.0106415,0.0015116,0.0109938,10
0.5180,0.0104230,0.0015465,0.0109169,10
0.5190,0.0101572,0.0015756,0.0108439,10
0.5200,0.0098576,0.0015930,0.0107749,10
0.5210,0.0095403,0.0015940,0.0107098,10
0.5220,0.0092227,0.0015758,0.0106484,10
0.5230,0.0089225,0.0015379,0.0105903,10
0.5240,0.0086567,0.0014825,0.0105350,10
0.5250,0.0084402,0.0014150,0.0104820,10
0.5260,0.0082850,0.0013431,0.0104306,10
0.5270,0.0081993,0.0012771,0.0103804,10
0.5280,0.0081874,0.0012277,0.0103308,10
0.5290,0.0082490,0.0012043,0.0102814,10
0.5300,0.0083796,0.0012109,0.0102320,10
0.5310,0.0085708,0.0012455,0.0101821,10
0.5320,0.0088109,0.0013006,0.0101316,10
0.5330,0.0090856,0.0013660,0.0100805,10
0.5340,0.0093787,0.0014321,0.0100287,10
0.5350,0.0096732,0.0014907,0.0099762,10
0.5360,0.0099525,0.0015362,0.0099232,10
0.5370,0.0102009,0.0015650,0.0098697,10
0.5380,0.0104048,0.0015753,0.0098160,10
0.5390,0.0105534,0.0015669,0.0097621,10
0.5400,0.0106395,0.0015406,0.0097083,10
0.5410,0.0106595,0.0014978,0.0096547,10
0.5420,0.0106140,0.0014406,0.0096013,10
0.5430,0.0105072,0.0013716,0.0095484,10
0.5440,0.0103467,0.0012936,0.0094960,10
0.5450,0.0101427,0.0012099,0.0094442,10
0.5460,0.0099071,0.0011243,0.0093929,10
0.5470,0.0096528,0.0010411,0.0093423,10
0.5480,0.0093928,0.0009648,0.0092922,10
0.5490,0.0091394,0.0009005,0.0092427,10
0.5500,0.0089034,0.0008528,0.0091938,10
0.5510,0.0086939,0.0008251,0.0091453,10
0.5520,0.0085181,0.0008185,0.0090973,10
0.5530,0.0083807,0.0008312,0.0090497,10
0.5540,0.0082845,0.0008591,0.0090023,10
0.5550,0.0082297,0.0008963,0.0089553,10
0.5560,0.0082150,0.0009371,0.0089085,10
0.5570,0.0082368,0.0009762,0.0088620,10
0.5580,0.0082903,0.0010095,0.0088156,10
0.5590,0.0083691,0.0010340,0.0087694,10
0.5600,0.0084664,0.0010481,0.0087234,10
0.5610,0.0085745,0.0010513,0.0086775,10
0.5620,0.0086859,0.0010443,0.0086317,10
0.5630,0.0087934,0.0010290,0.0085861,10
0.5640,0.0088909,0.0010082,0.0085407,10
0.5650,0.0089732,0.0009851,0.0084955,10
0.5660,0.0090369,0.0009636,0.0084504,10
0.5670,0.0090801,0.0009473,0.0084056,10
0.5680,0.0091024,0.0009389,0.0083609,10
0.5690,0.0091053,0.0009403,0.0083165,10
0.5700,0.0090909,0.0009519,0.0082723,10
0.5710,0.0090625,0.0009726,0.0082283,10
0.5720,0.0090232,0.0010006,0.0081846,10
0.5730,0.0089760,0.0010337,0.0081410,10
0.5740,0.0089232,0.0010698,0.0080978,10
0.5750,0.0088657,0.0011075,0.0080547,10
0.5760,0.0088035,0.0011455,0.0080118,10
0.5770,0.0087352,0.0011832,0.0079692,10
0.5780,0.0086588,0.0012198,0.0079268,10
0.5790,0.0085715,0.0012546,0.0078845,10
0.5800,0.0084707,0.0012866,0.0078425,10
0.5810,0.0083545,0.0013144,0.0078007,10
0.5820,0.0082218,0.0013365,0.0077590,10
0.5830,0.0080734,0.0013515,0.0077175,10
0.5840,0.0079114,0.0013582,0.0076762,10
0.5850,0.0077395,0.0013560,0.0076350,10
0.5860,0.0075632,0.0013450,0.0075940,10
0.5870,0.0073887,0.0013262,0.0075532,10
0.5880,0.0072228,0.0013013,0.0075125,10
0.5890,0.0070725,0.0012731,0.0074720,10
0.5900,0.0069441,0.0012448,0.0074316,10
0.5910,0.0068428,0.0012198,0.0073913,10
0.5920,0.0067723,0.0012016,0.0073513,10
0.5930,0.0067346,0.0011928,0.0073113,10
0.5940,0.0067296,0.0011949,0.0072715,10
0.5950,0.0067557,0.0012080,0.0072319,10
0.5960,0.0068093,0.0012305,0.0071924,10
0.5970,0.0068860,0.0012599,0.0071531,10
0.5980,0.0069803,0.0012925,0.0071139,10
0.5990,0.0070869,0.0013243,0.0070748,10
