neuron,input_hz,output_hz
0,1.0,0.0
0,1.0,0.0
0,1.0,0.0
0,1.0,0.0
0,1.0,0.0
0,1.0,0.0
0,1.0,0.0
0,1.0,0.0
0,1.0,0.0
0,1.0,0.0
0,2.0,0.0
0,2.0,0.0
0,2.0,0.0
0,2.0,0.0
0,2.0,0.0
0,2.0,0.0
0,2.0,0.0
0,2.0,0.0
0,2.0,0.0
0,2.0,0.0
0,5.0,0.0
0,5.0,0.0
0,5.0,0.0
0,5.0,0.0
0,5.0,0.0
0,5.0,0.0
0,5.0,0.0
0,5.0,0.0
0,5.0,0.0
0,5.0,0.0
0,10.0,0.0
0,10.0,0.0
0,10.0,0.0
0,10.0,0.0
0,10.0,0.0
0,10.0,0.0
0,10.0,0.0
0,10.0,0.0
0,10.0,0.0
0,10.0,0.0
0,20.0,0.0
0,20.0,2.5
0,20.0,0.0
0,20.0,2.5
0,20.0,2.5
0,20.0,0.0
0,20.0,2.5
0,20.0,0.0
0,20.0,2.5
0,20.0,5.0
0,30.0,2.5
0,30.0,7.5
0,30.0,2.5
0,30.0,5.0
0,30.0,2.5
0,30.0,2.5
0,30.0,5.0
0,30.0,0.0
0,30.0,0.0
0,30.0,2.5
0,50.0,5.0
0,50.0,12.5
0,50.0,10.0
0,50.0,17.5
0,50.0,5.0
0,50.0,12.5
0,50.0,5.0
0,50.0,7.5
0,50.0,12.5
0,50.0,5.0
0,70.0,17.5
0,70.0,7.5
0,70.0,12.5
0,70.0,22.5
0,70.0,12.5
0,70.0,20.0
0,70.0,20.0
0,70.0,12.5
0,70.0,20.0
0,70.0,20.0
0,100.0,17.5
0,100.0,17.5
0,100.0,15.0
0,100.0,20.0
0,100.0,12.5
0,100.0,17.5
0,100.0,12.5
0,100.0,17.5
0,100.0,17.5
0,100.0,22.5
0,150.0,20.0
0,150.0,22.5
0,150.0,22.5
0,150.0,17.5
0,150.0,25.0
0,150.0,22.5
0,150.0,25.0
0,150.0,25.0
0,150.0,25.0
0,150.0,22.5
0,200.0,27.5
0,200.0,22.5
0,200.0,22.5
0,200.0,27.5
0,200.0,27.5
0,200.0,20.0
0,200.0,25.0
0,200.0,25.0
0,200.0,25.0
0,200.0,30.0
0,300.0,25.0
0,300.0,27.5
0,300.0,25.0
0,300.0,27.5
0,300.0,27.5
0,300.0,25.0
0,300.0,27.5
0,300.0,25.0
0,300.0,27.5
0,300.0,30.0
0,500.0,25.0
0,500.0,25.0
0,500.0,27.5
0,500.0,25.0
0,500.0,27.5
0,500.0,25.0
0,500.0,27.5
0,500.0,25.0
0,500.0,27.5
0,500.0,30.0
1,1.0,0.0
1,1.0,0.0
1,1.0,0.0
1,1.0,0.0
1,1.0,0.0
1,1.0,0.0
1,1.0,0.0
1,1.0,0.0
1,1.0,0.0
1,1.0,0.0
1,2.0,0.0
1,2.0,0.0
1,2.0,0.0
1,2.0,0.0
1,2.0,0.0
1,2.0,0.0
1,2.0,0.0
1,2.0,0.0
1,2.0,0.0
1,2.0,0.0
1,5.0,2.5
1,5.0,0.0
1,5.0,0.0
1,5.0,0.0
1,5.0,2.5
1,5.0,0.0
1,5.0,0.0
1,5.0,0.0
1,5.0,0.0
1,5.0,0.0
1,10.0,0.0
1,10.0,0.0
1,10.0,0.0
1,10.0,0.0
1,10.0,0.0
1,10.0,0.0
1,10.0,0.0
1,10.0,0.0
1,10.0,0.0
1,10.0,0.0
1,20.0,7.5
1,20.0,2.5
1,20.0,0.0
1,20.0,2.5
1,20.0,2.5
1,20.0,5.0
1,20.0,2.5
1,20.0,2.5
1,20.0,2.5
1,20.0,2.5
1,30.0,2.5
1,30.0,2.5
1,30.0,2.5
1,30.0,5.0
1,30.0,2.5
1,30.0,0.0
1,30.0,5.0
1,30.0,5.0
1,30.0,12.5
1,30.0,5.0
1,50.0,5.0
1,50.0,12.5
1,50.0,7.5
1,50.0,12.5
1,50.0,2.5
1,50.0,5.0
1,50.0,5.0
1,50.0,5.0
1,50.0,10.0
1,50.0,7.5
1,70.0,15.0
1,70.0,15.0
1,70.0,5.0
1,70.0,15.0
1,70.0,15.0
1,70.0,12.5
1,70.0,17.5
1,70.0,12.5
1,70.0,7.5
1,70.0,12.5
1,100.0,17.5
1,100.0,22.5
1,100.0,10.0
1,100.0,20.0
1,100.0,25.0
1,100.0,17.5
1,100.0,20.0
1,100.0,25.0
1,100.0,20.0
1,100.0,22.5
1,150.0,22.5
1,150.0,22.5
1,150.0,22.5
1,150.0,22.5
1,150.0,22.5
1,150.0,25.0
1,150.0,17.5
1,150.0,25.0
1,150.0,25.0
1,150.0,27.5
1,200.0,27.5
1,200.0,27.5
1,200.0,22.5
1,200.0,27.5
1,200.0,22.5
1,200.0,22.5
1,200.0,25.0
1,200.0,27.5
1,200.0,25.0
1,200.0,30.0
1,300.0,27.5
1,300.0,30.0
1,300.0,27.5
1,300.0,27.5
1,300.0,30.0
1,300.0,27.5
1,300.0,25.0
1,300.0,30.0
1,300.0,25.0
1,300.0,32.5
1,500.0,25.0
1,500.0,30.0
1,500.0,27.5
1,500.0,27.5
1,500.0,25.0
1,500.0,30.0
1,500.0,27.5
1,500.0,30.0
1,500.0,25.0
1,500.0,30.0
2,1.0,2.5
2,1.0,0.0
2,1.0,0.0
2,1.0,5.0
2,1.0,2.5
2,1.0,2.5
2,1.0,0.0
2,1.0,0.0
2,1.0,0.0
2,1.0,2.5
2,2.0,5.0
2,2.0,0.0
2,2.0,0.0
2,2.0,0.0
2,2.0,2.5
2,2.0,2.5
2,2.0,0.0
2,2.0,5.0
2,2.0,2.5
2,2.0,2.5
2,5.0,12.5
2,5.0,2.5
2,5.0,7.5
2,5.0,2.5
2,5.0,10.0
2,5.0,0.0
2,5.0,2.5
2,5.0,10.0
2,5.0,2.5
2,5.0,5.0
2,10.0,20.0
2,10.0,5.0
2,10.0,10.0
2,10.0,0.0
2,10.0,7.5
2,10.0,7.5
2,10.0,12.5
2,10.0,20.0
2,10.0,15.0
2,10.0,10.0
2,20.0,17.5
2,20.0,22.5
2,20.0,15.0
2,20.0,20.0
2,20.0,22.5
2,20.0,15.0
2,20.0,15.0
2,20.0,10.0
2,20.0,20.0
2,20.0,25.0
2,30.0,20.0
2,30.0,20.0
2,30.0,30.0
2,30.0,22.5
2,30.0,30.0
2,30.0,25.0
2,30.0,27.5
2,30.0,27.5
2,30.0,22.5
2,30.0,20.0
2,50.0,35.0
2,50.0,30.0
2,50.0,25.0
2,50.0,25.0
2,50.0,30.0
2,50.0,32.5
2,50.0,32.5
2,50.0,25.0
2,50.0,32.5
2,50.0,32.5
2,70.0,32.5
2,70.0,27.5
2,70.0,27.5
2,70.0,30.0
2,70.0,35.0
2,70.0,30.0
2,70.0,35.0
2,70.0,30.0
2,70.0,35.0
2,70.0,37.5
2,100.0,30.0
2,100.0,35.0
2,100.0,30.0
2,100.0,30.0
2,100.0,35.0
2,100.0,30.0
2,100.0,32.5
2,100.0,35.0
2,100.0,35.0
2,100.0,35.0
2,150.0,35.0
2,150.0,35.0
2,150.0,30.0
2,150.0,35.0
2,150.0,32.5
2,150.0,32.5
2,150.0,35.0
2,150.0,35.0
2,150.0,32.5
2,150.0,37.5
2,200.0,32.5
2,200.0,32.5
2,200.0,30.0
2,200.0,30.0
2,200.0,35.0
2,200.0,32.5
2,200.0,32.5
2,200.0,32.5
2,200.0,32.5
2,200.0,37.5
2,300.0,35.0
2,300.0,35.0
2,300.0,35.0
2,300.0,32.5
2,300.0,35.0
2,300.0,35.0
2,300.0,32.5
2,300.0,35.0
2,300.0,32.5
2,300.0,37.5
2,500.0,30.0
2,500.0,32.5
2,500.0,35.0
2,500.0,32.5
2,500.0,35.0
2,500.0,32.5
2,500.0,32.5
2,500.0,35.0
2,500.0,32.5
2,500.0,35.0
3,1.0,0.0
3,1.0,0.0
3,1.0,5.0
3,1.0,0.0
3,1.0,0.0
3,1.0,0.0
3,1.0,5.0
3,1.0,2.5
3,1.0,5.0
3,1.0,2.5
3,2.0,7.5
3,2.0,0.0
3,2.0,0.0
3,2.0,2.5
3,2.0,0.0
3,2.0,0.0
3,2.0,2.5
3,2.0,2.5
3,2.0,0.0
3,2.0,2.5
3,5.0,5.0
3,5.0,2.5
3,5.0,2.5
3,5.0,5.0
3,5.0,2.5
3,5.0,10.0
3,5.0,5.0
3,5.0,2.5
3,5.0,5.0
3,5.0,10.0
3,10.0,2.5
3,10.0,7.5
3,10.0,10.0
3,10.0,10.0
3,10.0,10.0
3,10.0,7.5
3,10.0,7.5
3,10.0,7.5
3,10.0,12.5
3,10.0,5.0
3,20.0,15.0
3,20.0,12.5
3,20.0,17.5
3,20.0,20.0
3,20.0,7.5
3,20.0,17.5
3,20.0,22.5
3,20.0,20.0
3,20.0,22.5
3,20.0,10.0
3,30.0,32.5
3,30.0,25.0
3,30.0,30.0
3,30.0,25.0
3,30.0,20.0
3,30.0,25.0
3,30.0,25.0
3,30.0,20.0
3,30.0,22.5
3,30.0,17.5
3,50.0,30.0
3,50.0,27.5
3,50.0,30.0
3,50.0,30.0
3,50.0,32.5
3,50.0,22.5
3,50.0,25.0
3,50.0,22.5
3,50.0,27.5
3,50.0,30.0
3,70.0,32.5
3,70.0,30.0
3,70.0,25.0
3,70.0,32.5
3,70.0,35.0
3,70.0,30.0
3,70.0,35.0
3,70.0,27.5
3,70.0,30.0
3,70.0,32.5
3,100.0,32.5
3,100.0,35.0
3,100.0,32.5
3,100.0,32.5
3,100.0,32.5
3,100.0,32.5
3,100.0,32.5
3,100.0,32.5
3,100.0,35.0
3,100.0,32.5
3,150.0,32.5
3,150.0,35.0
3,150.0,30.0
3,150.0,32.5
3,150.0,32.5
3,150.0,30.0
3,150.0,32.5
3,150.0,35.0
3,150.0,35.0
3,150.0,35.0
3,200.0,32.5
3,200.0,32.5
3,200.0,32.5
3,200.0,30.0
3,200.0,35.0
3,200.0,32.5
3,200.0,32.5
3,200.0,30.0
3,200.0,32.5
3,200.0,35.0
3,300.0,32.5
3,300.0,32.5
3,300.0,30.0
3,300.0,32.5
3,300.0,32.5
3,300.0,30.0
3,300.0,32.5
3,300.0,32.5
3,300.0,32.5
3,300.0,35.0
3,500.0,32.5
3,500.0,32.5
3,500.0,30.0
3,500.0,32.5
3,500.0,30.0
3,500.0,32.5
3,500.0,32.5
3,500.0,32.5
3,500.0,30.0
3,500.0,35.0
4,1.0,0.0
4,1.0,0.0
4,1.0,2.5
4,1.0,0.0
4,1.0,0.0
4,1.0,0.0
4,1.0,0.0
4,1.0,0.0
4,1.0,0.0
4,1.0,0.0
4,2.0,2.5
4,2.0,0.0
4,2.0,2.5
4,2.0,0.0
4,2.0,5.0
4,2.0,0.0
4,2.0,0.0
4,2.0,0.0
4,2.0,2.5
4,2.0,0.0
4,5.0,0.0
4,5.0,0.0
4,5.0,0.0
4,5.0,0.0
4,5.0,5.0
4,5.0,0.0
4,5.0,0.0
4,5.0,5.0
4,5.0,2.5
4,5.0,0.0
4,10.0,0.0
4,10.0,2.5
4,10.0,7.5
4,10.0,10.0
4,10.0,0.0
4,10.0,0.0
4,10.0,7.5
4,10.0,0.0
4,10.0,0.0
4,10.0,2.5
4,20.0,5.0
4,20.0,10.0
4,20.0,7.5
4,20.0,0.0
4,20.0,0.0
4,20.0,5.0
4,20.0,2.5
4,20.0,2.5
4,20.0,0.0
4,20.0,2.5
4,30.0,10.0
4,30.0,12.5
4,30.0,12.5
4,30.0,10.0
4,30.0,17.5
4,30.0,7.5
4,30.0,12.5
4,30.0,15.0
4,30.0,12.5
4,30.0,10.0
4,50.0,17.5
4,50.0,17.5
4,50.0,12.5
4,50.0,10.0
4,50.0,7.5
4,50.0,10.0
4,50.0,7.5
4,50.0,15.0
4,50.0,7.5
4,50.0,12.5
4,70.0,15.0
4,70.0,25.0
4,70.0,15.0
4,70.0,17.5
4,70.0,15.0
4,70.0,25.0
4,70.0,17.5
4,70.0,12.5
4,70.0,17.5
4,70.0,15.0
4,100.0,25.0
4,100.0,25.0
4,100.0,27.5
4,100.0,22.5
4,100.0,30.0
4,100.0,25.0
4,100.0,20.0
4,100.0,25.0
4,100.0,22.5
4,100.0,20.0
4,150.0,30.0
4,150.0,27.5
4,150.0,25.0
4,150.0,27.5
4,150.0,27.5
4,150.0,22.5
4,150.0,22.5
4,150.0,30.0
4,150.0,27.5
4,150.0,32.5
4,200.0,30.0
4,200.0,30.0
4,200.0,27.5
4,200.0,30.0
4,200.0,27.5
4,200.0,30.0
4,200.0,30.0
4,200.0,25.0
4,200.0,30.0
4,200.0,32.5
4,300.0,30.0
4,300.0,30.0
4,300.0,30.0
4,300.0,30.0
4,300.0,30.0
4,300.0,30.0
4,300.0,32.5
4,300.0,27.5
4,300.0,30.0
4,300.0,32.5
4,500.0,30.0
4,500.0,32.5
4,500.0,30.0
4,500.0,30.0
4,500.0,30.0
4,500.0,30.0
4,500.0,32.5
4,500.0,30.0
4,500.0,30.0
4,500.0,32.5
5,1.0,0.0
5,1.0,0.0
5,1.0,0.0
5,1.0,0.0
5,1.0,0.0
5,1.0,2.5
5,1.0,0.0
5,1.0,0.0
5,1.0,0.0
5,1.0,0.0
5,2.0,0.0
5,2.0,0.0
5,2.0,0.0
5,2.0,0.0
5,2.0,0.0
5,2.0,0.0
5,2.0,0.0
5,2.0,0.0
5,2.0,0.0
5,2.0,0.0
5,5.0,0.0
5,5.0,0.0
5,5.0,0.0
5,5.0,0.0
5,5.0,0.0
5,5.0,0.0
5,5.0,0.0
5,5.0,0.0
5,5.0,0.0
5,5.0,0.0
5,10.0,5.0
5,10.0,0.0
5,10.0,0.0
5,10.0,0.0
5,10.0,0.0
5,10.0,0.0
5,10.0,0.0
5,10.0,0.0
5,10.0,0.0
5,10.0,0.0
5,20.0,0.0
5,20.0,2.5
5,20.0,0.0
5,20.0,2.5
5,20.0,0.0
5,20.0,0.0
5,20.0,0.0
5,20.0,0.0
5,20.0,0.0
5,20.0,0.0
5,30.0,0.0
5,30.0,0.0
5,30.0,0.0
5,30.0,2.5
5,30.0,5.0
5,30.0,7.5
5,30.0,0.0
5,30.0,2.5
5,30.0,7.5
5,30.0,0.0
5,50.0,5.0
5,50.0,12.5
5,50.0,5.0
5,50.0,7.5
5,50.0,10.0
5,50.0,5.0
5,50.0,7.5
5,50.0,5.0
5,50.0,10.0
5,50.0,5.0
5,70.0,12.5
5,70.0,10.0
5,70.0,12.5
5,70.0,10.0
5,70.0,5.0
5,70.0,15.0
5,70.0,12.5
5,70.0,15.0
5,70.0,15.0
5,70.0,5.0
5,100.0,7.5
5,100.0,10.0
5,100.0,17.5
5,100.0,15.0
5,100.0,7.5
5,100.0,12.5
5,100.0,17.5
5,100.0,15.0
5,100.0,17.5
5,100.0,17.5
5,150.0,17.5
5,150.0,20.0
5,150.0,20.0
5,150.0,25.0
5,150.0,15.0
5,150.0,17.5
5,150.0,22.5
5,150.0,17.5
5,150.0,17.5
5,150.0,20.0
5,200.0,22.5
5,200.0,20.0
5,200.0,22.5
5,200.0,25.0
5,200.0,17.5
5,200.0,20.0
5,200.0,22.5
5,200.0,17.5
5,200.0,20.0
5,200.0,22.5
5,300.0,22.5
5,300.0,25.0
5,300.0,22.5
5,300.0,22.5
5,300.0,22.5
5,300.0,22.5
5,300.0,25.0
5,300.0,20.0
5,300.0,25.0
5,300.0,25.0
5,500.0,25.0
5,500.0,22.5
5,500.0,25.0
5,500.0,22.5
5,500.0,22.5
5,500.0,25.0
5,500.0,22.5
5,500.0,25.0
5,500.0,22.5
5,500.0,27.5
6,1.0,0.0
6,1.0,0.0
6,1.0,0.0
6,1.0,0.0
6,1.0,0.0
6,1.0,0.0
6,1.0,0.0
6,1.0,0.0
6,1.0,0.0
6,1.0,0.0
6,2.0,0.0
6,2.0,0.0
6,2.0,0.0
6,2.0,0.0
6,2.0,0.0
6,2.0,0.0
6,2.0,0.0
6,2.0,0.0
6,2.0,0.0
6,2.0,0.0
6,5.0,0.0
6,5.0,0.0
6,5.0,0.0
6,5.0,0.0
6,5.0,0.0
6,5.0,0.0
6,5.0,0.0
6,5.0,0.0
6,5.0,0.0
6,5.0,0.0
6,10.0,2.5
6,10.0,0.0
6,10.0,2.5
6,10.0,2.5
6,10.0,2.5
6,10.0,0.0
6,10.0,0.0
6,10.0,2.5
6,10.0,0.0
6,10.0,2.5
6,20.0,2.5
6,20.0,2.5
6,20.0,2.5
6,20.0,0.0
6,20.0,0.0
6,20.0,0.0
6,20.0,5.0
6,20.0,2.5
6,20.0,2.5
6,20.0,0.0
6,30.0,12.5
6,30.0,2.5
6,30.0,7.5
6,30.0,0.0
6,30.0,5.0
6,30.0,10.0
6,30.0,7.5
6,30.0,7.5
6,30.0,10.0
6,30.0,5.0
6,50.0,5.0
6,50.0,5.0
6,50.0,7.5
6,50.0,10.0
6,50.0,7.5
6,50.0,15.0
6,50.0,12.5
6,50.0,12.5
6,50.0,12.5
6,50.0,10.0
6,70.0,12.5
6,70.0,25.0
6,70.0,17.5
6,70.0,17.5
6,70.0,15.0
6,70.0,17.5
6,70.0,10.0
6,70.0,20.0
6,70.0,20.0
6,70.0,15.0
6,100.0,20.0
6,100.0,22.5
6,100.0,17.5
6,100.0,22.5
6,100.0,25.0
6,100.0,22.5
6,100.0,27.5
6,100.0,27.5
6,100.0,20.0
6,100.0,27.5
6,150.0,25.0
6,150.0,22.5
6,150.0,27.5
6,150.0,27.5
6,150.0,27.5
6,150.0,22.5
6,150.0,27.5
6,150.0,22.5
6,150.0,27.5
6,150.0,27.5
6,200.0,30.0
6,200.0,30.0
6,200.0,25.0
6,200.0,30.0
6,200.0,30.0
6,200.0,25.0
6,200.0,27.5
6,200.0,27.5
6,200.0,27.5
6,200.0,32.5
6,300.0,30.0
6,300.0,32.5
6,300.0,30.0
6,300.0,30.0
6,300.0,30.0
6,300.0,30.0
6,300.0,27.5
6,300.0,27.5
6,300.0,30.0
6,300.0,32.5
6,500.0,30.0
6,500.0,32.5
6,500.0,30.0
6,500.0,30.0
6,500.0,30.0
6,500.0,32.5
6,500.0,30.0
6,500.0,32.5
6,500.0,30.0
6,500.0,35.0
7,1.0,0.0
7,1.0,0.0
7,1.0,0.0
7,1.0,0.0
7,1.0,0.0
7,1.0,0.0
7,1.0,0.0
7,1.0,0.0
7,1.0,0.0
7,1.0,0.0
7,2.0,0.0
7,2.0,0.0
7,2.0,0.0
7,2.0,0.0
7,2.0,0.0
7,2.0,0.0
7,2.0,0.0
7,2.0,0.0
7,2.0,0.0
7,2.0,0.0
7,5.0,0.0
7,5.0,0.0
7,5.0,0.0
7,5.0,0.0
7,5.0,0.0
7,5.0,0.0
7,5.0,0.0
7,5.0,0.0
7,5.0,0.0
7,5.0,0.0
7,10.0,0.0
7,10.0,0.0
7,10.0,2.5
7,10.0,5.0
7,10.0,0.0
7,10.0,0.0
7,10.0,0.0
7,10.0,2.5
7,10.0,0.0
7,10.0,0.0
7,20.0,2.5
7,20.0,7.5
7,20.0,5.0
7,20.0,0.0
7,20.0,0.0
7,20.0,5.0
7,20.0,7.5
7,20.0,0.0
7,20.0,7.5
7,20.0,0.0
7,30.0,2.5
7,30.0,2.5
7,30.0,5.0
7,30.0,5.0
7,30.0,7.5
7,30.0,10.0
7,30.0,5.0
7,30.0,7.5
7,30.0,2.5
7,30.0,5.0
7,50.0,15.0
7,50.0,15.0
7,50.0,5.0
7,50.0,17.5
7,50.0,10.0
7,50.0,15.0
7,50.0,7.5
7,50.0,15.0
7,50.0,5.0
7,50.0,10.0
7,70.0,17.5
7,70.0,7.5
7,70.0,22.5
7,70.0,20.0
7,70.0,17.5
7,70.0,25.0
7,70.0,17.5
7,70.0,17.5
7,70.0,12.5
7,70.0,17.5
7,100.0,20.0
7,100.0,22.5
7,100.0,17.5
7,100.0,22.5
7,100.0,27.5
7,100.0,27.5
7,100.0,25.0
7,100.0,20.0
7,100.0,22.5
7,100.0,17.5
7,150.0,30.0
7,150.0,30.0
7,150.0,25.0
7,150.0,27.5
7,150.0,27.5
7,150.0,27.5
7,150.0,30.0
7,150.0,27.5
7,150.0,22.5
7,150.0,25.0
7,200.0,27.5
7,200.0,30.0
7,200.0,30.0
7,200.0,30.0
7,200.0,25.0
7,200.0,30.0
7,200.0,30.0
7,200.0,27.5
7,200.0,27.5
7,200.0,30.0
7,300.0,30.0
7,300.0,27.5
7,300.0,30.0
7,300.0,30.0
7,300.0,30.0
7,300.0,30.0
7,300.0,30.0
7,300.0,32.5
7,300.0,30.0
7,300.0,35.0
7,500.0,30.0
7,500.0,32.5
7,500.0,30.0
7,500.0,32.5
7,500.0,32.5
7,500.0,30.0
7,500.0,30.0
7,500.0,32.5
7,500.0,30.0
7,500.0,35.0
8,1.0,0.0
8,1.0,7.5
8,1.0,0.0
8,1.0,0.0
8,1.0,0.0
8,1.0,0.0
8,1.0,0.0
8,1.0,0.0
8,1.0,0.0
8,1.0,0.0
8,2.0,0.0
8,2.0,0.0
8,2.0,0.0
8,2.0,0.0
8,2.0,0.0
8,2.0,0.0
8,2.0,0.0
8,2.0,0.0
8,2.0,0.0
8,2.0,0.0
8,5.0,0.0
8,5.0,0.0
8,5.0,0.0
8,5.0,0.0
8,5.0,0.0
8,5.0,0.0
8,5.0,0.0
8,5.0,0.0
8,5.0,0.0
8,5.0,0.0
8,10.0,5.0
8,10.0,0.0
8,10.0,0.0
8,10.0,0.0
8,10.0,5.0
8,10.0,5.0
8,10.0,0.0
8,10.0,0.0
8,10.0,2.5
8,10.0,2.5
8,20.0,5.0
8,20.0,0.0
8,20.0,7.5
8,20.0,5.0
8,20.0,7.5
8,20.0,2.5
8,20.0,0.0
8,20.0,5.0
8,20.0,2.5
8,20.0,2.5
8,30.0,5.0
8,30.0,10.0
8,30.0,7.5
8,30.0,10.0
8,30.0,10.0
8,30.0,5.0
8,30.0,10.0
8,30.0,2.5
8,30.0,0.0
8,30.0,10.0
8,50.0,12.5
8,50.0,10.0
8,50.0,10.0
8,50.0,15.0
8,50.0,7.5
8,50.0,7.5
8,50.0,10.0
8,50.0,12.5
8,50.0,7.5
8,50.0,15.0
8,70.0,15.0
8,70.0,22.5
8,70.0,20.0
8,70.0,20.0
8,70.0,20.0
8,70.0,20.0
8,70.0,22.5
8,70.0,27.5
8,70.0,22.5
8,70.0,22.5
8,100.0,27.5
8,100.0,25.0
8,100.0,25.0
8,100.0,22.5
8,100.0,32.5
8,100.0,22.5
8,100.0,30.0
8,100.0,15.0
8,100.0,25.0
8,100.0,22.5
8,150.0,27.5
8,150.0,27.5
8,150.0,27.5
8,150.0,25.0
8,150.0,25.0
8,150.0,25.0
8,150.0,30.0
8,150.0,27.5
8,150.0,22.5
8,150.0,32.5
8,200.0,30.0
8,200.0,30.0
8,200.0,30.0
8,200.0,35.0
8,200.0,32.5
8,200.0,30.0
8,200.0,27.5
8,200.0,30.0
8,200.0,32.5
8,200.0,35.0
8,300.0,30.0
8,300.0,35.0
8,300.0,32.5
8,300.0,32.5
8,300.0,32.5
8,300.0,30.0
8,300.0,30.0
8,300.0,32.5
8,300.0,30.0
8,300.0,35.0
8,500.0,30.0
8,500.0,32.5
8,500.0,30.0
8,500.0,30.0
8,500.0,32.5
8,500.0,30.0
8,500.0,32.5
8,500.0,32.5
8,500.0,30.0
8,500.0,32.5
9,1.0,0.0
9,1.0,0.0
9,1.0,0.0
9,1.0,0.0
9,1.0,0.0
9,1.0,0.0
9,1.0,0.0
9,1.0,0.0
9,1.0,0.0
9,1.0,0.0
9,2.0,0.0
9,2.0,0.0
9,2.0,0.0
9,2.0,0.0
9,2.0,0.0
9,2.0,0.0
9,2.0,0.0
9,2.0,0.0
9,2.0,0.0
9,2.0,0.0
9,5.0,0.0
9,5.0,0.0
9,5.0,0.0
9,5.0,0.0
9,5.0,0.0
9,5.0,0.0
9,5.0,0.0
9,5.0,0.0
9,5.0,0.0
9,5.0,0.0
9,10.0,2.5
9,10.0,0.0
9,10.0,2.5
9,10.0,2.5
9,10.0,0.0
9,10.0,2.5
9,10.0,0.0
9,10.0,0.0
9,10.0,0.0
9,10.0,0.0
9,20.0,0.0
9,20.0,0.0
9,20.0,2.5
9,20.0,2.5
9,20.0,2.5
9,20.0,2.5
9,20.0,5.0
9,20.0,5.0
9,20.0,2.5
9,20.0,2.5
9,30.0,2.5
9,30.0,10.0
9,30.0,7.5
9,30.0,7.5
9,30.0,5.0
9,30.0,0.0
9,30.0,2.5
9,30.0,5.0
9,30.0,5.0
9,30.0,2.5
9,50.0,10.0
9,50.0,10.0
9,50.0,7.5
9,50.0,15.0
9,50.0,7.5
9,50.0,15.0
9,50.0,20.0
9,50.0,7.5
9,50.0,15.0
9,50.0,12.5
9,70.0,17.5
9,70.0,17.5
9,70.0,10.0
9,70.0,20.0
9,70.0,20.0
9,70.0,17.5
9,70.0,15.0
9,70.0,20.0
9,70.0,20.0
9,70.0,12.5
9,100.0,22.5
9,100.0,25.0
9,100.0,15.0
9,100.0,22.5
9,100.0,20.0
9,100.0,15.0
9,100.0,22.5
9,100.0,17.5
9,100.0,22.5
9,100.0,25.0
9,150.0,27.5
9,150.0,27.5
9,150.0,25.0
9,150.0,22.5
9,150.0,27.5
9,150.0,25.0
9,150.0,27.5
9,150.0,27.5
9,150.0,25.0
9,150.0,32.5
9,200.0,25.0
9,200.0,27.5
9,200.0,30.0
9,200.0,27.5
9,200.0,27.5
9,200.0,30.0
9,200.0,27.5
9,200.0,27.5
9,200.0,27.5
9,200.0,35.0
9,300.0,30.0
9,300.0,30.0
9,300.0,30.0
9,300.0,30.0
9,300.0,30.0
9,300.0,30.0
9,300.0,30.0
9,300.0,32.5
9,300.0,30.0
9,300.0,30.0
9,500.0,30.0
9,500.0,32.5
9,500.0,30.0
9,500.0,30.0
9,500.0,32.5
9,500.0,30.0
9,500.0,30.0
9,500.0,32.5
9,500.0,30.0
9,500.0,32.5
10,1.0,0.0
10,1.0,0.0
10,1.0,0.0
10,1.0,0.0
10,1.0,0.0
10,1.0,0.0
10,1.0,0.0
10,1.0,0.0
10,1.0,0.0
10,1.0,0.0
10,2.0,0.0
10,2.0,0.0
10,2.0,0.0
10,2.0,0.0
10,2.0,0.0
10,2.0,0.0
10,2.0,0.0
10,2.0,0.0
10,2.0,0.0
10,2.0,0.0
10,5.0,0.0
10,5.0,0.0
10,5.0,0.0
10,5.0,0.0
10,5.0,0.0
10,5.0,0.0
10,5.0,0.0
10,5.0,0.0
10,5.0,0.0
10,5.0,0.0
10,10.0,0.0
10,10.0,0.0
10,10.0,2.5
10,10.0,0.0
10,10.0,2.5
10,10.0,0.0
10,10.0,0.0
10,10.0,0.0
10,10.0,5.0
10,10.0,0.0
10,20.0,2.5
10,20.0,2.5
10,20.0,5.0
10,20.0,7.5
10,20.0,5.0
10,20.0,0.0
10,20.0,2.5
10,20.0,7.5
10,20.0,0.0
10,20.0,2.5
10,30.0,5.0
10,30.0,5.0
10,30.0,0.0
10,30.0,5.0
10,30.0,7.5
10,30.0,5.0
10,30.0,12.5
10,30.0,10.0
10,30.0,7.5
10,30.0,0.0
10,50.0,12.5
10,50.0,7.5
10,50.0,20.0
10,50.0,5.0
10,50.0,7.5
10,50.0,10.0
10,50.0,5.0
10,50.0,12.5
10,50.0,12.5
10,50.0,12.5
10,70.0,15.0
10,70.0,12.5
10,70.0,20.0
10,70.0,17.5
10,70.0,17.5
10,70.0,12.5
10,70.0,17.5
10,70.0,20.0
10,70.0,20.0
10,70.0,22.5
10,100.0,17.5
10,100.0,22.5
10,100.0,20.0
10,100.0,27.5
10,100.0,22.5
10,100.0,20.0
10,100.0,22.5
10,100.0,17.5
10,100.0,25.0
10,100.0,27.5
10,150.0,22.5
10,150.0,25.0
10,150.0,25.0
10,150.0,27.5
10,150.0,27.5
10,150.0,27.5
10,150.0,30.0
10,150.0,22.5
10,150.0,25.0
10,150.0,30.0
10,200.0,25.0
10,200.0,30.0
10,200.0,22.5
10,200.0,27.5
10,200.0,32.5
10,200.0,27.5
10,200.0,27.5
10,200.0,30.0
10,200.0,27.5
10,200.0,30.0
10,300.0,30.0
10,300.0,32.5
10,300.0,30.0
10,300.0,30.0
10,300.0,30.0
10,300.0,30.0
10,300.0,32.5
10,300.0,30.0
10,300.0,30.0
10,300.0,32.5
10,500.0,30.0
10,500.0,32.5
10,500.0,30.0
10,500.0,32.5
10,500.0,30.0
10,500.0,30.0
10,500.0,30.0
10,500.0,32.5
10,500.0,32.5
10,500.0,32.5
11,1.0,0.0
11,1.0,0.0
11,1.0,0.0
11,1.0,0.0
11,1.0,0.0
11,1.0,0.0
11,1.0,0.0
11,1.0,0.0
11,1.0,0.0
11,1.0,0.0
11,2.0,0.0
11,2.0,0.0
11,2.0,0.0
11,2.0,0.0
11,2.0,0.0
11,2.0,0.0
11,2.0,0.0
11,2.0,0.0
11,2.0,2.5
11,2.0,0.0
11,5.0,0.0
11,5.0,0.0
11,5.0,0.0
11,5.0,0.0
11,5.0,0.0
11,5.0,0.0
11,5.0,0.0
11,5.0,0.0
11,5.0,2.5
11,5.0,0.0
11,10.0,0.0
11,10.0,0.0
11,10.0,2.5
11,10.0,0.0
11,10.0,0.0
11,10.0,0.0
11,10.0,2.5
11,10.0,0.0
11,10.0,0.0
11,10.0,0.0
11,20.0,2.5
11,20.0,0.0
11,20.0,0.0
11,20.0,2.5
11,20.0,2.5
11,20.0,0.0
11,20.0,2.5
11,20.0,2.5
11,20.0,7.5
11,20.0,0.0
11,30.0,2.5
11,30.0,10.0
11,30.0,2.5
11,30.0,5.0
11,30.0,5.0
11,30.0,5.0
11,30.0,7.5
11,30.0,0.0
11,30.0,7.5
11,30.0,2.5
11,50.0,5.0
11,50.0,15.0
11,50.0,15.0
11,50.0,10.0
11,50.0,17.5
11,50.0,5.0
11,50.0,5.0
11,50.0,15.0
11,50.0,5.0
11,50.0,12.5
11,70.0,20.0
11,70.0,15.0
11,70.0,17.5
11,70.0,17.5
11,70.0,10.0
11,70.0,10.0
11,70.0,12.5
11,70.0,20.0
11,70.0,25.0
11,70.0,5.0
11,100.0,17.5
11,100.0,15.0
11,100.0,20.0
11,100.0,20.0
11,100.0,20.0
11,100.0,25.0
11,100.0,22.5
11,100.0,27.5
11,100.0,22.5
11,100.0,17.5
11,150.0,25.0
11,150.0,20.0
11,150.0,20.0
11,150.0,27.5
11,150.0,25.0
11,150.0,27.5
11,150.0,27.5
11,150.0,30.0
11,150.0,22.5
11,150.0,27.5
11,200.0,25.0
11,200.0,27.5
11,200.0,25.0
11,200.0,30.0
11,200.0,25.0
11,200.0,25.0
11,200.0,27.5
11,200.0,27.5
11,200.0,30.0
11,200.0,32.5
11,300.0,27.5
11,300.0,32.5
11,300.0,27.5
11,300.0,27.5
11,300.0,30.0
11,300.0,30.0
11,300.0,27.5
11,300.0,32.5
11,300.0,27.5
11,300.0,32.5
11,500.0,32.5
11,500.0,30.0
11,500.0,30.0
11,500.0,30.0
11,500.0,32.5
11,500.0,30.0
11,500.0,27.5
11,500.0,30.0
11,500.0,30.0
11,500.0,32.5
12,1.0,0.0
12,1.0,0.0
12,1.0,0.0
12,1.0,0.0
12,1.0,0.0
12,1.0,0.0
12,1.0,0.0
12,1.0,0.0
12,1.0,0.0
12,1.0,0.0
12,2.0,0.0
12,2.0,0.0
12,2.0,0.0
12,2.0,0.0
12,2.0,0.0
12,2.0,0.0
12,2.0,0.0
12,2.0,0.0
12,2.0,0.0
12,2.0,0.0
12,5.0,0.0
12,5.0,0.0
12,5.0,0.0
12,5.0,0.0
12,5.0,0.0
12,5.0,0.0
12,5.0,0.0
12,5.0,0.0
12,5.0,0.0
12,5.0,0.0
12,10.0,0.0
12,10.0,0.0
12,10.0,0.0
12,10.0,0.0
12,10.0,0.0
12,10.0,0.0
12,10.0,0.0
12,10.0,0.0
12,10.0,0.0
12,10.0,0.0
12,20.0,0.0
12,20.0,0.0
12,20.0,0.0
12,20.0,0.0
12,20.0,0.0
12,20.0,0.0
12,20.0,0.0
12,20.0,2.5
12,20.0,0.0
12,20.0,2.5
12,30.0,2.5
12,30.0,2.5
12,30.0,5.0
12,30.0,0.0
12,30.0,0.0
12,30.0,2.5
12,30.0,2.5
12,30.0,0.0
12,30.0,0.0
12,30.0,0.0
12,50.0,0.0
12,50.0,5.0
12,50.0,7.5
12,50.0,7.5
12,50.0,12.5
12,50.0,2.5
12,50.0,5.0
12,50.0,5.0
12,50.0,10.0
12,50.0,0.0
12,70.0,7.5
12,70.0,7.5
12,70.0,12.5
12,70.0,12.5
12,70.0,7.5
12,70.0,15.0
12,70.0,2.5
12,70.0,10.0
12,70.0,5.0
12,70.0,7.5
12,100.0,15.0
12,100.0,15.0
12,100.0,15.0
12,100.0,17.5
12,100.0,17.5
12,100.0,10.0
12,100.0,12.5
12,100.0,17.5
12,100.0,7.5
12,100.0,15.0
12,150.0,17.5
12,150.0,17.5
12,150.0,20.0
12,150.0,17.5
12,150.0,22.5
12,150.0,15.0
12,150.0,22.5
12,150.0,12.5
12,150.0,17.5
12,150.0,22.5
12,200.0,22.5
12,200.0,17.5
12,200.0,17.5
12,200.0,22.5
12,200.0,22.5
12,200.0,25.0
12,200.0,22.5
12,200.0,22.5
12,200.0,20.0
12,200.0,25.0
12,300.0,22.5
12,300.0,27.5
12,300.0,22.5
12,300.0,25.0
12,300.0,25.0
12,300.0,25.0
12,300.0,22.5
12,300.0,25.0
12,300.0,25.0
12,300.0,27.5
12,500.0,27.5
12,500.0,27.5
12,500.0,25.0
12,500.0,25.0
12,500.0,27.5
12,500.0,25.0
12,500.0,27.5
12,500.0,25.0
12,500.0,27.5
12,500.0,30.0
13,1.0,2.5
13,1.0,2.5
13,1.0,2.5
13,1.0,5.0
13,1.0,7.5
13,1.0,5.0
13,1.0,0.0
13,1.0,0.0
13,1.0,0.0
13,1.0,5.0
13,2.0,0.0
13,2.0,0.0
13,2.0,2.5
13,2.0,0.0
13,2.0,0.0
13,2.0,0.0
13,2.0,2.5
13,2.0,0.0
13,2.0,0.0
13,2.0,0.0
13,5.0,5.0
13,5.0,0.0
13,5.0,5.0
13,5.0,2.5
13,5.0,2.5
13,5.0,7.5
13,5.0,2.5
13,5.0,5.0
13,5.0,10.0
13,5.0,7.5
13,10.0,5.0
13,10.0,5.0
13,10.0,10.0
13,10.0,5.0
13,10.0,12.5
13,10.0,15.0
13,10.0,12.5
13,10.0,7.5
13,10.0,5.0
13,10.0,5.0
13,20.0,15.0
13,20.0,17.5
13,20.0,12.5
13,20.0,20.0
13,20.0,20.0
13,20.0,25.0
13,20.0,10.0
13,20.0,17.5
13,20.0,5.0
13,20.0,35.0
13,30.0,15.0
13,30.0,27.5
13,30.0,15.0
13,30.0,22.5
13,30.0,17.5
13,30.0,22.5
13,30.0,32.5
13,30.0,35.0
13,30.0,15.0
13,30.0,17.5
13,50.0,30.0
13,50.0,32.5
13,50.0,27.5
13,50.0,27.5
13,50.0,30.0
13,50.0,30.0
13,50.0,22.5
13,50.0,32.5
13,50.0,30.0
13,50.0,35.0
13,70.0,32.5
13,70.0,37.5
13,70.0,37.5
13,70.0,30.0
13,70.0,32.5
13,70.0,35.0
13,70.0,35.0
13,70.0,30.0
13,70.0,35.0
13,70.0,40.0
13,100.0,35.0
13,100.0,37.5
13,100.0,37.5
13,100.0,37.5
13,100.0,35.0
13,100.0,37.5
13,100.0,35.0
13,100.0,37.5
13,100.0,35.0
13,100.0,40.0
13,150.0,40.0
13,150.0,37.5
13,150.0,37.5
13,150.0,37.5
13,150.0,35.0
13,150.0,37.5
13,150.0,35.0
13,150.0,37.5
13,150.0,37.5
13,150.0,40.0
13,200.0,37.5
13,200.0,37.5
13,200.0,37.5
13,200.0,37.5
13,200.0,37.5
13,200.0,35.0
13,200.0,40.0
13,200.0,37.5
13,200.0,37.5
13,200.0,40.0
13,300.0,35.0
13,300.0,40.0
13,300.0,37.5
13,300.0,35.0
13,300.0,37.5
13,300.0,37.5
13,300.0,37.5
13,300.0,37.5
13,300.0,37.5
13,300.0,40.0
13,500.0,35.0
13,500.0,40.0
13,500.0,37.5
13,500.0,35.0
13,500.0,37.5
13,500.0,35.0
13,500.0,37.5
13,500.0,35.0
13,500.0,40.0
13,500.0,40.0
14,1.0,0.0
14,1.0,0.0
14,1.0,0.0
14,1.0,0.0
14,1.0,0.0
14,1.0,0.0
14,1.0,0.0
14,1.0,0.0
14,1.0,0.0
14,1.0,0.0
14,2.0,0.0
14,2.0,0.0
14,2.0,0.0
14,2.0,0.0
14,2.0,0.0
14,2.0,0.0
14,2.0,0.0
14,2.0,0.0
14,2.0,0.0
14,2.0,0.0
14,5.0,0.0
14,5.0,0.0
14,5.0,2.5
14,5.0,0.0
14,5.0,0.0
14,5.0,0.0
14,5.0,0.0
14,5.0,0.0
14,5.0,0.0
14,5.0,0.0
14,10.0,2.5
14,10.0,0.0
14,10.0,0.0
14,10.0,0.0
14,10.0,0.0
14,10.0,0.0
14,10.0,2.5
14,10.0,0.0
14,10.0,0.0
14,10.0,0.0
14,20.0,0.0
14,20.0,5.0
14,20.0,2.5
14,20.0,2.5
14,20.0,0.0
14,20.0,0.0
14,20.0,0.0
14,20.0,0.0
14,20.0,0.0
14,20.0,2.5
14,30.0,5.0
14,30.0,2.5
14,30.0,2.5
14,30.0,2.5
14,30.0,7.5
14,30.0,0.0
14,30.0,5.0
14,30.0,0.0
14,30.0,2.5
14,30.0,5.0
14,50.0,7.5
14,50.0,5.0
14,50.0,15.0
14,50.0,10.0
14,50.0,17.5
14,50.0,10.0
14,50.0,10.0
14,50.0,7.5
14,50.0,10.0
14,50.0,12.5
14,70.0,12.5
14,70.0,20.0
14,70.0,15.0
14,70.0,10.0
14,70.0,12.5
14,70.0,5.0
14,70.0,15.0
14,70.0,10.0
14,70.0,12.5
14,70.0,7.5
14,100.0,17.5
14,100.0,17.5
14,100.0,15.0
14,100.0,15.0
14,100.0,20.0
14,100.0,12.5
14,100.0,15.0
14,100.0,17.5
14,100.0,15.0
14,100.0,17.5
14,150.0,27.5
14,150.0,25.0
14,150.0,22.5
14,150.0,20.0
14,150.0,22.5
14,150.0,22.5
14,150.0,22.5
14,150.0,20.0
14,150.0,20.0
14,150.0,22.5
14,200.0,25.0
14,200.0,25.0
14,200.0,25.0
14,200.0,22.5
14,200.0,25.0
14,200.0,22.5
14,200.0,22.5
14,200.0,25.0
14,200.0,22.5
14,200.0,25.0
14,300.0,25.0
14,300.0,25.0
14,300.0,27.5
14,300.0,25.0
14,300.0,25.0
14,300.0,25.0
14,300.0,25.0
14,300.0,27.5
14,300.0,22.5
14,300.0,30.0
14,500.0,25.0
14,500.0,27.5
14,500.0,27.5
14,500.0,25.0
14,500.0,27.5
14,500.0,25.0
14,500.0,27.5
14,500.0,25.0
14,500.0,27.5
14,500.0,30.0
15,1.0,0.0
15,1.0,0.0
15,1.0,0.0
15,1.0,0.0
15,1.0,0.0
15,1.0,0.0
15,1.0,0.0
15,1.0,0.0
15,1.0,0.0
15,1.0,0.0
15,2.0,0.0
15,2.0,0.0
15,2.0,0.0
15,2.0,0.0
15,2.0,0.0
15,2.0,0.0
15,2.0,0.0
15,2.0,0.0
15,2.0,0.0
15,2.0,0.0
15,5.0,0.0
15,5.0,0.0
15,5.0,0.0
15,5.0,0.0
15,5.0,0.0
15,5.0,0.0
15,5.0,0.0
15,5.0,0.0
15,5.0,0.0
15,5.0,0.0
15,10.0,0.0
15,10.0,0.0
15,10.0,0.0
15,10.0,0.0
15,10.0,0.0
15,10.0,2.5
15,10.0,0.0
15,10.0,0.0
15,10.0,0.0
15,10.0,0.0
15,20.0,7.5
15,20.0,0.0
15,20.0,2.5
15,20.0,5.0
15,20.0,0.0
15,20.0,2.5
15,20.0,2.5
15,20.0,0.0
15,20.0,2.5
15,20.0,2.5
15,30.0,5.0
15,30.0,2.5
15,30.0,0.0
15,30.0,5.0
15,30.0,0.0
15,30.0,2.5
15,30.0,12.5
15,30.0,10.0
15,30.0,0.0
15,30.0,2.5
15,50.0,7.5
15,50.0,5.0
15,50.0,7.5
15,50.0,7.5
15,50.0,7.5
15,50.0,7.5
15,50.0,12.5
15,50.0,0.0
15,50.0,15.0
15,50.0,10.0
15,70.0,15.0
15,70.0,15.0
15,70.0,20.0
15,70.0,17.5
15,70.0,7.5
15,70.0,22.5
15,70.0,12.5
15,70.0,12.5
15,70.0,22.5
15,70.0,17.5
15,100.0,25.0
15,100.0,20.0
15,100.0,25.0
15,100.0,20.0
15,100.0,20.0
15,100.0,12.5
15,100.0,22.5
15,100.0,25.0
15,100.0,20.0
15,100.0,22.5
15,150.0,27.5
15,150.0,17.5
15,150.0,22.5
15,150.0,30.0
15,150.0,27.5
15,150.0,27.5
15,150.0,25.0
15,150.0,27.5
15,150.0,25.0
15,150.0,27.5
15,200.0,20.0
15,200.0,27.5
15,200.0,25.0
15,200.0,27.5
15,200.0,27.5
15,200.0,25.0
15,200.0,27.5
15,200.0,30.0
15,200.0,25.0
15,200.0,27.5
15,300.0,27.5
15,300.0,30.0
15,300.0,30.0
15,300.0,27.5
15,300.0,27.5
15,300.0,30.0
15,300.0,30.0
15,300.0,30.0
15,300.0,27.5
15,300.0,32.5
15,500.0,30.0
15,500.0,27.5
15,500.0,27.5
15,500.0,27.5
15,500.0,30.0
15,500.0,30.0
15,500.0,30.0
15,500.0,27.5
15,500.0,30.0
15,500.0,30.0
