constant,value
cycstep,481
dtstar,308
dtstarfifty,153.9
ratioonems,26.7
ratioatfloor,86.7
crossover,26.7
numcyconems,15.39
numlatonems,616
numenergyonems,5.73
cycstepideal,153
dtstarideal,98
ratioonemsideal,8.5
idealflatter,3.1
cycstepflash,50{,}447
dtstarflash,32.3
panalog,0.10
pcore,9.3
ecycle,372
railratio,93.0
eanalog,0.21
eanalogstatic,0.20
staticshare,93
aercyc,39{,}054
aerevents,81
olfcyc,85{,}215
olfcycqeight,118{,}349
olfcyccounted,4{,}126
olfroutecyc,532
olfarrproj,7{,}074{,}902
olfarrenc,2{,}504
olfarrdrain,106{,}665
olfarrkern,5{,}576{,}409
olfarrclf,494{,}795
olfarrprojuj,2632
olfarrencuj,0.9
olfarrdrainuj,39.7
olfarrkernuj,2074
olfarrclfuj,184
olfarrrailuj,15.0
olfarrtotuj,4{,}946
olfarrdigfrac,99.7
olfemulchunkuj,4{,}938
olfcommonuj,4{,}891
olfblockanalog,54.7
olfblocksram,46.3
olfblockflash,754
olflifsram,51.9
olflifcyc,124{,}560
olflifflash,844.1
olflifratio,16.3
olfblockpenalty,1.2
olfdecarray,24{,}730
olfdecemul,24{,}688
olfdecqsixteen,158
olfdecqeight,220
olfaccarray,0.756
olfaccarraysd,0.042
olfaccarraybest,0.789
olfaccarraybestsd,0.016
olfaccemul,0.822
olfaccemulsd,0.042
olfanalogpenalty,0.066
olfanalogpenaltysd,0.059
olfaccqsixteen,0.953
olfaccqsixteensd,0.016
olfaccqeight,0.947
olfaccqeightsd,0.016
accthree,0.967
accthreesd,0.033
accceil,0.967
accfull,1.000
hybdecuj,2{,}949
hybnodeerr,0.1
hybslotms,31.2
hybrearmms,30
hybtaums,10
hybvisituj,3.5
hybpar,1.13
hybvisitparuj,3.2
olfchunks,5
olfdigstep,19.3
olfrailstep,6.2
olfdrainstep,16.5
olfanalogstep,22.8
olfdrainev,179
olfspikesteps,9.2
olfsparsityceil,10.8
olfsparsitymeas,3.5
olfrailbudget,44
olfrailover,2.3
olfanalogfrac,1.1
olfamort,89
olfmatcheduj,78
olfmatchedgain,63
olfmatchedtree,2.5
olfmatchedshare,70
olftreevisits,160
olftreenodes,746
olfdigvisit,198
olfslot,1.1
olfslotratio,6
olfdigintegrate,2.90
olfslotticks,58
olfcountspc,0.533
olfcountsvfive,0.733
olfoptproj,2{,}284{,}004
olfoptkern,77{,}898
olfoptprojx,2.8
olfoptkernx,63
olfnaiveproj,6{,}388{,}615
olfnaivekern,4{,}907{,}006
olfoptsaveduj,3{,}323
olfeopthree,31.7
olfearray,8.6
olfereadout,3.6
olfrate,20
olfbreakhz,4
olfratio,3.68
treeratio,10
etree,20.6
opthreecyc,55{,}328
opthreeresample,15{,}698
opthreenorm,15{,}657
opthreerr,703
opthreetrees,23{,}270
opthreecompares,672
ereadout,14.5
gapslope,10
gapcorehalf,20
gapfloor,0.71
gapbestcase,1.4
analogparity,33
arrayrate,41
ratepowerheadroom,10
drainfixed,105
drainmarginal,480
